x,y,timestamp
0.000000,0.000000,2023-01-01T00:00:00
0.000000,0.000000,2023-01-01T00:00:01
0.000000,0.000000,2023-01-01T00:00:02
0.000000,0.000000,2023-01-01T00:00:03
0.000000,0.000000,2023-01-01T00:00:04
0.000000,0.000000,2023-01-01T00:00:05
0.000000,0.000000,2023-01-01T00:00:06
0.000000,0.000000,2023-01-01T00:00:07
0.000000,0.000000,2023-01-01T00:00:08
0.000000,0.000000,2023-01-01T00:00:09
0.000000,0.000000,2023-01-01T00:00:10
0.000000,0.000000,2023-01-01T00:00:11
0.000000,0.000000,2023-01-01T00:00:12
0.000000,0.000000,2023-01-01T00:00:13
0.000000,0.000000,2023-01-01T00:00:14
-0.111192,0.000000,2023-01-01T00:00:15
-0.111192,0.000000,2023-01-01T00:00:16
-0.111192,0.000000,2023-01-01T00:00:17
-0.111192,0.000000,2023-01-01T00:00:18
-0.111192,0.000000,2023-01-01T00:00:19
-0.111192,0.000000,2023-01-01T00:00:20
-0.111192,0.000000,2023-01-01T00:00:21
-0.111192,0.000000,2023-01-01T00:00:22
-0.111192,0.111195,2023-01-01T00:00:23
-0.111192,0.111195,2023-01-01T00:00:24
-0.111192,0.111195,2023-01-01T00:00:25
-0.111192,0.111195,2023-01-01T00:00:26
-0.111192,0.111195,2023-01-01T00:00:27
-0.222385,0.111195,2023-01-01T00:00:28
-0.222385,0.111195,2023-01-01T00:00:29
-0.222385,0.111195,2023-01-01T00:00:30
-0.222385,0.222390,2023-01-01T00:00:31
-0.222385,0.222390,2023-01-01T00:00:32
-0.222385,0.222390,2023-01-01T00:00:33
-0.222385,0.222390,2023-01-01T00:00:34
-0.222385,0.222390,2023-01-01T00:00:35
-0.222385,0.222390,2023-01-01T00:00:36
-0.222385,0.333585,2023-01-01T00:00:37
-0.333577,0.333585,2023-01-01T00:00:38
-0.333577,0.333585,2023-01-01T00:00:39
-0.333577,0.333585,2023-01-01T00:00:40
-0.333577,0.333585,2023-01-01T00:00:41
-0.333577,0.333585,2023-01-01T00:00:42
-0.333577,0.444780,2023-01-01T00:00:43
-0.333577,0.444780,2023-01-01T00:00:44
-0.333577,0.444780,2023-01-01T00:00:45
-0.333577,0.444780,2023-01-01T00:00:46
-0.444770,0.444780,2023-01-01T00:00:47
-0.444770,0.444780,2023-01-01T00:00:48
-0.444770,0.555975,2023-01-01T00:00:49
-0.444770,0.555975,2023-01-01T00:00:50
-0.444770,0.555975,2023-01-01T00:00:51
-0.444770,0.555975,2023-01-01T00:00:52
-0.555962,0.667170,2023-01-01T00:00:53
-0.555962,0.667170,2023-01-01T00:00:54
-0.555962,0.667170,2023-01-01T00:00:55
-0.555962,0.667170,2023-01-01T00:00:56
-0.555962,0.667170,2023-01-01T00:00:57
-0.555962,0.778364,2023-01-01T00:00:58
-0.667155,0.778364,2023-01-01T00:00:59
-0.667155,0.778364,2023-01-01T00:01:00
-0.667155,0.778364,2023-01-01T00:01:01
-0.667155,0.889559,2023-01-01T00:01:02
-0.667155,0.889559,2023-01-01T00:01:03
-0.667155,0.889559,2023-01-01T00:01:04
-0.778347,0.889559,2023-01-01T00:01:05
-0.778347,1.000754,2023-01-01T00:01:06
-0.778347,1.000754,2023-01-01T00:01:07
-0.778347,1.000754,2023-01-01T00:01:08
-0.778347,1.000754,2023-01-01T00:01:09
-0.778347,1.111949,2023-01-01T00:01:10
-0.889540,1.111949,2023-01-01T00:01:11
-0.889540,1.111949,2023-01-01T00:01:12
-0.889540,1.111949,2023-01-01T00:01:13
-0.889540,1.111949,2023-01-01T00:01:14
-0.889540,1.223144,2023-01-01T00:01:15
-0.889540,1.223144,2023-01-01T00:01:16
-0.889540,1.223144,2023-01-01T00:01:17
-0.889540,1.223144,2023-01-01T00:01:18
-0.889540,1.223144,2023-01-01T00:01:19
-0.889540,1.223144,2023-01-01T00:01:20
-0.889540,1.223144,2023-01-01T00:01:21
-0.778347,1.223144,2023-01-01T00:01:22
-0.667155,1.223144,2023-01-01T00:01:23
-0.667155,1.223144,2023-01-01T00:01:24
-0.555962,1.223144,2023-01-01T00:01:25
-0.444770,1.223144,2023-01-01T00:01:26
-0.333577,1.223144,2023-01-01T00:01:27
-0.222385,1.223144,2023-01-01T00:01:28
-0.111192,1.223144,2023-01-01T00:01:29
-0.111192,1.223144,2023-01-01T00:01:30
0.000000,1.223144,2023-01-01T00:01:31
0.111192,1.223144,2023-01-01T00:01:32
0.222385,1.111949,2023-01-01T00:01:33
0.333577,1.111949,2023-01-01T00:01:34
0.444770,1.111949,2023-01-01T00:01:35
0.444770,1.111949,2023-01-01T00:01:36
0.555962,1.111949,2023-01-01T00:01:37
0.667155,1.111949,2023-01-01T00:01:38
0.667155,1.111949,2023-01-01T00:01:39
0.778347,1.111949,2023-01-01T00:01:40
0.889540,1.111949,2023-01-01T00:01:41
0.889540,1.111949,2023-01-01T00:01:42
1.000732,1.111949,2023-01-01T00:01:43
1.111925,1.111949,2023-01-01T00:01:44
1.111925,1.111949,2023-01-01T00:01:45
1.223117,1.111949,2023-01-01T00:01:46
1.223117,1.111949,2023-01-01T00:01:47
1.334309,1.111949,2023-01-01T00:01:48
1.334309,1.111949,2023-01-01T00:01:49
1.445502,1.111949,2023-01-01T00:01:50
1.445502,1.111949,2023-01-01T00:01:51
1.556694,1.111949,2023-01-01T00:01:52
1.556694,1.111949,2023-01-01T00:01:53
1.667887,1.111949,2023-01-01T00:01:54
1.667887,1.000754,2023-01-01T00:01:55
1.779079,1.111949,2023-01-01T00:01:56
1.779079,1.111949,2023-01-01T00:01:57
1.890272,1.111949,2023-01-01T00:01:58
1.890272,1.111949,2023-01-01T00:01:59
1.890272,1.111949,2023-01-01T00:02:00
2.001464,1.111949,2023-01-01T00:02:01
2.001464,1.111949,2023-01-01T00:02:02
2.001464,1.111949,2023-01-01T00:02:03
2.112657,1.111949,2023-01-01T00:02:04
2.112657,1.000754,2023-01-01T00:02:05
2.112657,1.000754,2023-01-01T00:02:06
2.223849,1.000754,2023-01-01T00:02:07
2.223849,1.000754,2023-01-01T00:02:08
2.223849,1.000754,2023-01-01T00:02:09
2.223849,1.000754,2023-01-01T00:02:10
2.335042,1.000754,2023-01-01T00:02:11
2.335042,1.111949,2023-01-01T00:02:12
2.335042,1.111949,2023-01-01T00:02:13
2.335042,1.111949,2023-01-01T00:02:14
2.335042,1.111949,2023-01-01T00:02:15
2.223849,1.111949,2023-01-01T00:02:16
2.112657,1.223144,2023-01-01T00:02:17
2.001464,1.223144,2023-01-01T00:02:18
1.890272,1.334339,2023-01-01T00:02:19
1.779079,1.334339,2023-01-01T00:02:20
1.667887,1.445534,2023-01-01T00:02:21
1.667887,1.445534,2023-01-01T00:02:22
1.556694,1.445534,2023-01-01T00:02:23
1.445502,1.556729,2023-01-01T00:02:24
1.334309,1.556729,2023-01-01T00:02:25
1.223117,1.556729,2023-01-01T00:02:26
1.223117,1.667924,2023-01-01T00:02:27
1.111925,1.667924,2023-01-01T00:02:28
1.000732,1.667924,2023-01-01T00:02:29
0.889540,1.779119,2023-01-01T00:02:30
0.889540,1.779119,2023-01-01T00:02:31
0.778347,1.779119,2023-01-01T00:02:32
0.667155,1.890314,2023-01-01T00:02:33
0.667155,1.890314,2023-01-01T00:02:34
0.555962,1.890314,2023-01-01T00:02:35
0.444770,2.001509,2023-01-01T00:02:36
0.333577,2.001509,2023-01-01T00:02:37
0.333577,2.001509,2023-01-01T00:02:38
0.222385,2.112704,2023-01-01T00:02:39
0.111192,2.112704,2023-01-01T00:02:40
0.111192,2.112704,2023-01-01T00:02:41
0.000000,2.112704,2023-01-01T00:02:42
0.000000,2.223899,2023-01-01T00:02:43
-0.111192,2.223899,2023-01-01T00:02:44
-0.222385,2.223899,2023-01-01T00:02:45
-0.222385,2.223899,2023-01-01T00:02:46
-0.333577,2.335093,2023-01-01T00:02:47
-0.333577,2.335093,2023-01-01T00:02:48
-0.444770,2.335093,2023-01-01T00:02:49
-0.555962,2.335093,2023-01-01T00:02:50
-0.555962,2.446288,2023-01-01T00:02:51
-0.667155,2.446288,2023-01-01T00:02:52
-0.667155,2.446288,2023-01-01T00:02:53
-0.778347,2.446288,2023-01-01T00:02:54
-0.778347,2.557483,2023-01-01T00:02:55
-0.889540,2.557483,2023-01-01T00:02:56
-0.889540,2.557483,2023-01-01T00:02:57
-1.000732,2.557483,2023-01-01T00:02:58
-1.111925,2.668678,2023-01-01T00:02:59
-1.111925,2.668678,2023-01-01T00:03:00
-1.223117,2.668678,2023-01-01T00:03:01
-1.223117,2.668678,2023-01-01T00:03:02
-1.334309,2.779873,2023-01-01T00:03:03
-1.334309,2.779873,2023-01-01T00:03:04
-1.445502,2.779873,2023-01-01T00:03:05
-1.445502,2.779873,2023-01-01T00:03:06
-1.445502,2.779873,2023-01-01T00:03:07
-1.556694,2.891068,2023-01-01T00:03:08
-1.556694,2.891068,2023-01-01T00:03:09
-1.667887,2.891068,2023-01-01T00:03:10
-1.667887,3.002263,2023-01-01T00:03:11
-1.779079,3.002263,2023-01-01T00:03:12
-1.779079,3.002263,2023-01-01T00:03:13
-1.890272,3.002263,2023-01-01T00:03:14
-1.890272,3.002263,2023-01-01T00:03:15
-2.001464,3.113458,2023-01-01T00:03:16
-2.001464,3.113458,2023-01-01T00:03:17
-2.001464,3.113458,2023-01-01T00:03:18
-2.112657,3.113458,2023-01-01T00:03:19
-2.112657,3.224653,2023-01-01T00:03:20
-2.223849,3.224653,2023-01-01T00:03:21
-2.223849,3.224653,2023-01-01T00:03:22
-2.223849,3.224653,2023-01-01T00:03:23
-2.335042,3.335848,2023-01-01T00:03:24
-2.335042,3.335848,2023-01-01T00:03:25
-2.446234,3.335848,2023-01-01T00:03:26
-2.446234,3.335848,2023-01-01T00:03:27
-2.446234,3.447043,2023-01-01T00:03:28
-2.557426,3.447043,2023-01-01T00:03:29
-2.557426,3.447043,2023-01-01T00:03:30
-2.668619,3.447043,2023-01-01T00:03:31
-2.668619,3.447043,2023-01-01T00:03:32
-2.668619,3.447043,2023-01-01T00:03:33
-2.779811,3.558238,2023-01-01T00:03:34
-2.779811,3.558238,2023-01-01T00:03:35
-2.779811,3.558238,2023-01-01T00:03:36
-2.891004,3.558238,2023-01-01T00:03:37
-2.891004,3.669433,2023-01-01T00:03:38
-3.002196,3.669433,2023-01-01T00:03:39
-3.002196,3.669433,2023-01-01T00:03:40
-3.002196,3.669433,2023-01-01T00:03:41
-3.113389,3.669433,2023-01-01T00:03:42
-3.113389,3.780628,2023-01-01T00:03:43
-3.113389,3.780628,2023-01-01T00:03:44
-3.224581,3.780628,2023-01-01T00:03:45
-3.224581,3.780628,2023-01-01T00:03:46
-3.224581,3.780628,2023-01-01T00:03:47
-3.335774,3.891822,2023-01-01T00:03:48
-3.335774,3.891822,2023-01-01T00:03:49
-3.335774,3.891822,2023-01-01T00:03:50
-3.446966,3.891822,2023-01-01T00:03:51
-3.446966,4.003017,2023-01-01T00:03:52
-3.446966,4.003017,2023-01-01T00:03:53
-3.558159,4.003017,2023-01-01T00:03:54
-3.558159,4.003017,2023-01-01T00:03:55
-3.558159,4.003017,2023-01-01T00:03:56
-3.669351,4.114212,2023-01-01T00:03:57
-3.669351,4.114212,2023-01-01T00:03:58
-3.669351,4.114212,2023-01-01T00:03:59
-3.780543,4.114212,2023-01-01T00:04:00
-3.780543,4.225407,2023-01-01T00:04:01
-3.891736,4.225407,2023-01-01T00:04:02
-3.891736,4.225407,2023-01-01T00:04:03
-3.891736,4.225407,2023-01-01T00:04:04
-3.891736,4.225407,2023-01-01T00:04:05
-4.002928,4.225407,2023-01-01T00:04:06
-4.002928,4.336602,2023-01-01T00:04:07
-4.002928,4.336602,2023-01-01T00:04:08
-4.114121,4.336602,2023-01-01T00:04:09
-4.114121,4.336602,2023-01-01T00:04:10
-4.114121,4.336602,2023-01-01T00:04:11
-4.225313,4.336602,2023-01-01T00:04:12
-4.225313,4.447797,2023-01-01T00:04:13
-4.225313,4.447797,2023-01-01T00:04:14
-4.336506,4.447797,2023-01-01T00:04:15
-4.336506,4.447797,2023-01-01T00:04:16
-4.336506,4.447797,2023-01-01T00:04:17
-4.447698,4.447797,2023-01-01T00:04:18
-4.447698,4.558992,2023-01-01T00:04:19
-4.558891,4.558992,2023-01-01T00:04:20
-4.558891,4.558992,2023-01-01T00:04:21
-4.558891,4.558992,2023-01-01T00:04:22
-4.670083,4.558992,2023-01-01T00:04:23
-4.670083,4.558992,2023-01-01T00:04:24
-4.670083,4.558992,2023-01-01T00:04:25
-4.781276,4.670187,2023-01-01T00:04:26
-4.781276,4.670187,2023-01-01T00:04:27
-4.781276,4.670187,2023-01-01T00:04:28
-4.892468,4.670187,2023-01-01T00:04:29
-4.892468,4.670187,2023-01-01T00:04:30
-4.892468,4.670187,2023-01-01T00:04:31
-5.003660,4.781382,2023-01-01T00:04:32
-5.003660,4.781382,2023-01-01T00:04:33
-5.003660,4.781382,2023-01-01T00:04:34
-5.114853,4.781382,2023-01-01T00:04:35
-5.114853,4.781382,2023-01-01T00:04:36
-5.114853,4.781382,2023-01-01T00:04:37
-5.226045,4.781382,2023-01-01T00:04:38
-5.226045,4.781382,2023-01-01T00:04:39
-5.226045,4.781382,2023-01-01T00:04:40
-5.337238,4.781382,2023-01-01T00:04:41
-5.337238,4.892577,2023-01-01T00:04:42
-5.337238,4.892577,2023-01-01T00:04:43
-5.448430,4.892577,2023-01-01T00:04:44
-5.448430,4.892577,2023-01-01T00:04:45
-5.448430,4.892577,2023-01-01T00:04:46
-5.559623,4.892577,2023-01-01T00:04:47
-5.559623,4.892577,2023-01-01T00:04:48
-5.559623,4.892577,2023-01-01T00:04:49
-5.559623,4.892577,2023-01-01T00:04:50
-5.670815,4.892577,2023-01-01T00:04:51
-5.670815,5.003772,2023-01-01T00:04:52
-5.670815,5.003772,2023-01-01T00:04:53
-5.670815,5.003772,2023-01-01T00:04:54
-5.782008,5.003772,2023-01-01T00:04:55
-5.782008,5.003772,2023-01-01T00:04:56
-5.782008,5.003772,2023-01-01T00:04:57
-5.782008,5.003772,2023-01-01T00:04:58
-5.893200,5.003772,2023-01-01T00:04:59
-5.893200,5.003772,2023-01-01T00:05:00
-5.893200,5.003772,2023-01-01T00:05:01
-5.893200,5.003772,2023-01-01T00:05:02
-6.004393,5.003772,2023-01-01T00:05:03
-6.004393,5.003772,2023-01-01T00:05:04
-6.004393,5.114967,2023-01-01T00:05:05
-6.115585,5.114967,2023-01-01T00:05:06
-6.115585,5.114967,2023-01-01T00:05:07
-6.115585,5.114967,2023-01-01T00:05:08
-6.115585,5.114967,2023-01-01T00:05:09
-6.226777,5.114967,2023-01-01T00:05:10
-6.226777,5.114967,2023-01-01T00:05:11
-6.226777,5.114967,2023-01-01T00:05:12
-6.226777,5.114967,2023-01-01T00:05:13
-6.337970,5.114967,2023-01-01T00:05:14
-6.337970,5.114967,2023-01-01T00:05:15
-6.337970,5.114967,2023-01-01T00:05:16
-6.449162,5.114967,2023-01-01T00:05:17
-6.449162,5.114967,2023-01-01T00:05:18
-6.449162,5.114967,2023-01-01T00:05:19
-6.449162,5.114967,2023-01-01T00:05:20
-6.560355,5.114967,2023-01-01T00:05:21
-6.560355,5.114967,2023-01-01T00:05:22
-6.560355,5.226162,2023-01-01T00:05:23
-6.671547,5.226162,2023-01-01T00:05:24
-6.671547,5.226162,2023-01-01T00:05:25
-6.671547,5.226162,2023-01-01T00:05:26
-6.782740,5.226162,2023-01-01T00:05:27
-6.782740,5.226162,2023-01-01T00:05:28
-6.782740,5.226162,2023-01-01T00:05:29
-6.782740,5.226162,2023-01-01T00:05:30
-6.893932,5.226162,2023-01-01T00:05:31
-6.893932,5.226162,2023-01-01T00:05:32
-6.893932,5.226162,2023-01-01T00:05:33
-7.005125,5.226162,2023-01-01T00:05:34
-7.005125,5.226162,2023-01-01T00:05:35
-7.005125,5.337356,2023-01-01T00:05:36
-7.116317,5.337356,2023-01-01T00:05:37
-7.116317,5.337356,2023-01-01T00:05:38
-7.116317,5.337356,2023-01-01T00:05:39
-7.116317,5.337356,2023-01-01T00:05:40
-7.227510,5.337356,2023-01-01T00:05:41
-7.227510,5.337356,2023-01-01T00:05:42
-7.227510,5.337356,2023-01-01T00:05:43
-7.338702,5.337356,2023-01-01T00:05:44
-7.338702,5.337356,2023-01-01T00:05:45
-7.338702,5.448551,2023-01-01T00:05:46
-7.338702,5.448551,2023-01-01T00:05:47
-7.338702,5.448551,2023-01-01T00:05:48
-7.449894,5.448551,2023-01-01T00:05:49
-7.449894,5.448551,2023-01-01T00:05:50
-7.449894,5.448551,2023-01-01T00:05:51
-7.449894,5.448551,2023-01-01T00:05:52
-7.449894,5.448551,2023-01-01T00:05:53
-7.449894,5.448551,2023-01-01T00:05:54
-7.561087,5.448551,2023-01-01T00:05:55
-7.561087,5.559746,2023-01-01T00:05:56
-7.561087,5.559746,2023-01-01T00:05:57
-7.561087,5.559746,2023-01-01T00:05:58
-7.561087,5.559746,2023-01-01T00:05:59
-7.672279,5.559746,2023-01-01T00:06:00
-7.672279,5.559746,2023-01-01T00:06:01
-7.672279,5.559746,2023-01-01T00:06:02
-7.672279,5.559746,2023-01-01T00:06:03
-7.672279,5.559746,2023-01-01T00:06:04
-7.783472,5.670941,2023-01-01T00:06:05
-7.783472,5.670941,2023-01-01T00:06:06
-7.783472,5.670941,2023-01-01T00:06:07
-7.783472,5.670941,2023-01-01T00:06:08
-7.783472,5.670941,2023-01-01T00:06:09
-7.894664,5.670941,2023-01-01T00:06:10
-7.894664,5.670941,2023-01-01T00:06:11
-7.894664,5.782136,2023-01-01T00:06:12
-7.894664,5.782136,2023-01-01T00:06:13
-7.894664,5.782136,2023-01-01T00:06:14
-8.005857,5.782136,2023-01-01T00:06:15
-8.005857,5.782136,2023-01-01T00:06:16
-8.005857,5.782136,2023-01-01T00:06:17
-8.005857,5.782136,2023-01-01T00:06:18
-8.117049,5.893331,2023-01-01T00:06:19
-8.117049,5.893331,2023-01-01T00:06:20
-8.117049,5.893331,2023-01-01T00:06:21
-8.117049,5.893331,2023-01-01T00:06:22
-8.117049,5.893331,2023-01-01T00:06:23
-8.228242,5.893331,2023-01-01T00:06:24
-8.228242,5.893331,2023-01-01T00:06:25
-8.228242,6.004526,2023-01-01T00:06:26
-8.228242,6.004526,2023-01-01T00:06:27
-8.228242,6.004526,2023-01-01T00:06:28
-8.339434,6.004526,2023-01-01T00:06:29
-8.339434,6.004526,2023-01-01T00:06:30
-8.339434,6.004526,2023-01-01T00:06:31
-8.339434,6.004526,2023-01-01T00:06:32
-8.339434,6.004526,2023-01-01T00:06:33
-8.450627,6.004526,2023-01-01T00:06:34
-8.450627,6.115721,2023-01-01T00:06:35
-8.450627,6.115721,2023-01-01T00:06:36
-8.450627,6.115721,2023-01-01T00:06:37
-8.561819,6.115721,2023-01-01T00:06:38
-8.561819,6.115721,2023-01-01T00:06:39
-8.561819,6.115721,2023-01-01T00:06:40
-8.561819,6.115721,2023-01-01T00:06:41
-8.561819,6.115721,2023-01-01T00:06:42
-8.673011,6.115721,2023-01-01T00:06:43
-8.673011,6.226916,2023-01-01T00:06:44
-8.673011,6.226916,2023-01-01T00:06:45
-8.673011,6.226916,2023-01-01T00:06:46
-8.673011,6.226916,2023-01-01T00:06:47
-8.784204,6.226916,2023-01-01T00:06:48
-8.784204,6.226916,2023-01-01T00:06:49
-8.784204,6.226916,2023-01-01T00:06:50
-8.784204,6.226916,2023-01-01T00:06:51
-8.784204,6.226916,2023-01-01T00:06:52
-8.895396,6.338111,2023-01-01T00:06:53
-8.895396,6.338111,2023-01-01T00:06:54
-8.895396,6.338111,2023-01-01T00:06:55
-8.895396,6.338111,2023-01-01T00:06:56
-8.895396,6.338111,2023-01-01T00:06:57
-9.006589,6.338111,2023-01-01T00:06:58
-9.006589,6.449306,2023-01-01T00:06:59
-9.006589,6.449306,2023-01-01T00:07:00
-9.006589,6.449306,2023-01-01T00:07:01
-9.006589,6.449306,2023-01-01T00:07:02
-9.006589,6.449306,2023-01-01T00:07:03
-9.117781,6.449306,2023-01-01T00:07:04
-9.117781,6.449306,2023-01-01T00:07:05
-9.117781,6.560501,2023-01-01T00:07:06
-9.117781,6.560501,2023-01-01T00:07:07
-9.117781,6.560501,2023-01-01T00:07:08
-9.228974,6.560501,2023-01-01T00:07:09
-9.228974,6.560501,2023-01-01T00:07:10
-9.228974,6.560501,2023-01-01T00:07:11
-9.228974,6.560501,2023-01-01T00:07:12
-9.228974,6.560501,2023-01-01T00:07:13
-9.340166,6.671696,2023-01-01T00:07:14
-9.340166,6.671696,2023-01-01T00:07:15
-9.340166,6.671696,2023-01-01T00:07:16
-9.340166,6.671696,2023-01-01T00:07:17
-9.340166,6.671696,2023-01-01T00:07:18
-9.451359,6.671696,2023-01-01T00:07:19
-9.451359,6.671696,2023-01-01T00:07:20
-9.451359,6.782891,2023-01-01T00:07:21
-9.451359,6.782891,2023-01-01T00:07:22
-9.451359,6.782891,2023-01-01T00:07:23
-9.562551,6.782891,2023-01-01T00:07:24
-9.562551,6.782891,2023-01-01T00:07:25
-9.562551,6.782891,2023-01-01T00:07:26
-9.562551,6.894085,2023-01-01T00:07:27
-9.673743,6.894085,2023-01-01T00:07:28
-9.673743,6.894085,2023-01-01T00:07:29
-9.673743,6.894085,2023-01-01T00:07:30
-9.673743,7.005280,2023-01-01T00:07:31
-9.673743,7.005280,2023-01-01T00:07:32
-9.784936,7.005280,2023-01-01T00:07:33
-9.784936,7.005280,2023-01-01T00:07:34
-9.784936,7.005280,2023-01-01T00:07:35
-9.784936,7.005280,2023-01-01T00:07:36
-9.784936,7.116475,2023-01-01T00:07:37
-9.896128,7.116475,2023-01-01T00:07:38
-9.896128,7.116475,2023-01-01T00:07:39
-9.896128,7.116475,2023-01-01T00:07:40
-9.896128,7.116475,2023-01-01T00:07:41
-9.896128,7.116475,2023-01-01T00:07:42
-10.007321,7.227670,2023-01-01T00:07:43
-10.007321,7.227670,2023-01-01T00:07:44
-10.007321,7.227670,2023-01-01T00:07:45
-10.007321,7.227670,2023-01-01T00:07:46
-10.007321,7.227670,2023-01-01T00:07:47
-10.118513,7.338865,2023-01-01T00:07:48
-10.118513,7.338865,2023-01-01T00:07:49
-10.118513,7.338865,2023-01-01T00:07:50
-10.118513,7.338865,2023-01-01T00:07:51
-10.118513,7.338865,2023-01-01T00:07:52
-10.229706,7.450060,2023-01-01T00:07:53
-10.229706,7.450060,2023-01-01T00:07:54
-10.229706,7.450060,2023-01-01T00:07:55
-10.229706,7.450060,2023-01-01T00:07:56
-10.229706,7.561255,2023-01-01T00:07:57
-10.340898,7.561255,2023-01-01T00:07:58
-10.340898,7.561255,2023-01-01T00:07:59
-10.340898,7.561255,2023-01-01T00:08:00
-10.340898,7.672450,2023-01-01T00:08:01
-10.340898,7.672450,2023-01-01T00:08:02
-10.452091,7.672450,2023-01-01T00:08:03
-10.452091,7.672450,2023-01-01T00:08:04
-10.452091,7.783645,2023-01-01T00:08:05
-10.452091,7.783645,2023-01-01T00:08:06
-10.452091,7.783645,2023-01-01T00:08:07
-10.563283,7.783645,2023-01-01T00:08:08
-10.563283,7.783645,2023-01-01T00:08:09
-10.563283,7.894840,2023-01-01T00:08:10
-10.563283,7.894840,2023-01-01T00:08:11
-10.563283,7.894840,2023-01-01T00:08:12
-10.563283,7.894840,2023-01-01T00:08:13
-10.674476,8.006035,2023-01-01T00:08:14
-10.674476,8.006035,2023-01-01T00:08:15
-10.674476,8.006035,2023-01-01T00:08:16
-10.674476,8.006035,2023-01-01T00:08:17
-10.785668,8.006035,2023-01-01T00:08:18
-10.785668,8.117230,2023-01-01T00:08:19
-10.785668,8.117230,2023-01-01T00:08:20
-10.785668,8.117230,2023-01-01T00:08:21
-10.896860,8.117230,2023-01-01T00:08:22
-10.896860,8.117230,2023-01-01T00:08:23
-10.896860,8.228425,2023-01-01T00:08:24
-10.896860,8.228425,2023-01-01T00:08:25
-11.008053,8.228425,2023-01-01T00:08:26
-11.008053,8.228425,2023-01-01T00:08:27
-11.008053,8.228425,2023-01-01T00:08:28
-11.008053,8.339619,2023-01-01T00:08:29
-11.119245,8.339619,2023-01-01T00:08:30
-11.119245,8.339619,2023-01-01T00:08:31
-11.119245,8.339619,2023-01-01T00:08:32
-11.119245,8.450814,2023-01-01T00:08:33
-11.119245,8.450814,2023-01-01T00:08:34
-11.119245,8.450814,2023-01-01T00:08:35
-11.119245,8.450814,2023-01-01T00:08:36
-11.119245,8.562009,2023-01-01T00:08:37
-11.119245,8.562009,2023-01-01T00:08:38
-11.119245,8.562009,2023-01-01T00:08:39
-11.008053,8.562009,2023-01-01T00:08:40
-11.008053,8.673204,2023-01-01T00:08:41
-10.896860,8.673204,2023-01-01T00:08:42
-10.785668,8.673204,2023-01-01T00:08:43
-10.785668,8.673204,2023-01-01T00:08:44
-10.674476,8.784399,2023-01-01T00:08:45
-10.674476,8.784399,2023-01-01T00:08:46
-10.563283,8.784399,2023-01-01T00:08:47
-10.563283,8.784399,2023-01-01T00:08:48
-10.452091,8.895594,2023-01-01T00:08:49
-10.452091,8.895594,2023-01-01T00:08:50
-10.340898,8.895594,2023-01-01T00:08:51
-10.340898,8.895594,2023-01-01T00:08:52
-10.229706,8.895594,2023-01-01T00:08:53
-10.229706,8.895594,2023-01-01T00:08:54
-10.229706,9.006789,2023-01-01T00:08:55
-10.118513,9.006789,2023-01-01T00:08:56
-10.118513,9.006789,2023-01-01T00:08:57
-10.007321,9.006789,2023-01-01T00:08:58
-10.007321,9.006789,2023-01-01T00:08:59
-10.007321,9.117984,2023-01-01T00:09:00
-9.896128,9.117984,2023-01-01T00:09:01
-9.896128,9.117984,2023-01-01T00:09:02
-9.896128,9.117984,2023-01-01T00:09:03
-9.784936,9.117984,2023-01-01T00:09:04
-9.784936,9.229179,2023-01-01T00:09:05
-9.784936,9.229179,2023-01-01T00:09:06
-9.673743,9.229179,2023-01-01T00:09:07
-9.673743,9.229179,2023-01-01T00:09:08
-9.673743,9.229179,2023-01-01T00:09:09
-9.562551,9.229179,2023-01-01T00:09:10
-9.562551,9.340374,2023-01-01T00:09:11
-9.562551,9.340374,2023-01-01T00:09:12
-9.562551,9.340374,2023-01-01T00:09:13
-9.562551,9.340374,2023-01-01T00:09:14
-9.562551,9.340374,2023-01-01T00:09:15
-9.673743,9.340374,2023-01-01T00:09:16
-9.673743,9.451569,2023-01-01T00:09:17
-9.673743,9.451569,2023-01-01T00:09:18
-9.673743,9.451569,2023-01-01T00:09:19
-9.784936,9.451569,2023-01-01T00:09:20
-9.784936,9.451569,2023-01-01T00:09:21
-9.784936,9.451569,2023-01-01T00:09:22
-9.896128,9.562764,2023-01-01T00:09:23
-9.896128,9.562764,2023-01-01T00:09:24
-9.896128,9.562764,2023-01-01T00:09:25
-9.896128,9.562764,2023-01-01T00:09:26
-10.007321,9.562764,2023-01-01T00:09:27
-10.007321,9.562764,2023-01-01T00:09:28
-10.007321,9.562764,2023-01-01T00:09:29
-10.118513,9.562764,2023-01-01T00:09:30
-10.118513,9.673959,2023-01-01T00:09:31
-10.118513,9.673959,2023-01-01T00:09:32
-10.118513,9.673959,2023-01-01T00:09:33
-10.229706,9.673959,2023-01-01T00:09:34
-10.229706,9.673959,2023-01-01T00:09:35
-10.229706,9.673959,2023-01-01T00:09:36
-10.229706,9.673959,2023-01-01T00:09:37
-10.340898,9.785154,2023-01-01T00:09:38
-10.340898,9.785154,2023-01-01T00:09:39
-10.340898,9.785154,2023-01-01T00:09:40
-10.452091,9.785154,2023-01-01T00:09:41
-10.452091,9.785154,2023-01-01T00:09:42
-10.452091,9.785154,2023-01-01T00:09:43
-10.563283,9.896348,2023-01-01T00:09:44
-10.563283,9.896348,2023-01-01T00:09:45
-10.674476,9.896348,2023-01-01T00:09:46
-10.785668,9.896348,2023-01-01T00:09:47
-10.785668,9.896348,2023-01-01T00:09:48
-10.896860,9.896348,2023-01-01T00:09:49
-11.008053,9.896348,2023-01-01T00:09:50
-11.008053,9.896348,2023-01-01T00:09:51
-11.119245,9.896348,2023-01-01T00:09:52
-11.119245,10.007543,2023-01-01T00:09:53
-11.230438,10.007543,2023-01-01T00:09:54
-11.230438,10.007543,2023-01-01T00:09:55
-11.341630,10.007543,2023-01-01T00:09:56
-11.452823,10.007543,2023-01-01T00:09:57
-11.452823,10.007543,2023-01-01T00:09:58
-11.564015,10.007543,2023-01-01T00:09:59
-11.564015,10.007543,2023-01-01T00:10:00
-11.675208,10.118738,2023-01-01T00:10:01
-11.675208,10.118738,2023-01-01T00:10:02
-11.786400,10.118738,2023-01-01T00:10:03
-11.786400,10.118738,2023-01-01T00:10:04
-11.897593,10.118738,2023-01-01T00:10:05
-11.897593,10.118738,2023-01-01T00:10:06
-12.008785,10.118738,2023-01-01T00:10:07
-12.008785,10.118738,2023-01-01T00:10:08
-12.119977,10.118738,2023-01-01T00:10:09
-12.119977,10.118738,2023-01-01T00:10:10
-12.231170,10.118738,2023-01-01T00:10:11
-12.231170,10.229933,2023-01-01T00:10:12
-12.342362,10.229933,2023-01-01T00:10:13
-12.342362,10.229933,2023-01-01T00:10:14
-12.453555,10.229933,2023-01-01T00:10:15
-12.453555,10.229933,2023-01-01T00:10:16
-12.453555,10.229933,2023-01-01T00:10:17
-12.564747,10.341128,2023-01-01T00:10:18
-12.564747,10.341128,2023-01-01T00:10:19
-12.675940,10.341128,2023-01-01T00:10:20
-12.675940,10.341128,2023-01-01T00:10:21
-12.787132,10.341128,2023-01-01T00:10:22
-12.787132,10.341128,2023-01-01T00:10:23
-12.898325,10.341128,2023-01-01T00:10:24
-12.898325,10.341128,2023-01-01T00:10:25
-12.898325,10.452323,2023-01-01T00:10:26
-13.009517,10.452323,2023-01-01T00:10:27
-13.009517,10.452323,2023-01-01T00:10:28
-13.120710,10.452323,2023-01-01T00:10:29
-13.120710,10.452323,2023-01-01T00:10:30
-13.120710,10.452323,2023-01-01T00:10:31
-13.231902,10.452323,2023-01-01T00:10:32
-13.231902,10.452323,2023-01-01T00:10:33
-13.343094,10.452323,2023-01-01T00:10:34
-13.343094,10.452323,2023-01-01T00:10:35
-13.343094,10.452323,2023-01-01T00:10:36
-13.454287,10.563518,2023-01-01T00:10:37
-13.454287,10.563518,2023-01-01T00:10:38
-13.454287,10.563518,2023-01-01T00:10:39
-13.565479,10.563518,2023-01-01T00:10:40
-13.565479,10.563518,2023-01-01T00:10:41
-13.565479,10.563518,2023-01-01T00:10:42
-13.676672,10.563518,2023-01-01T00:10:43
-13.676672,10.563518,2023-01-01T00:10:44
-13.676672,10.563518,2023-01-01T00:10:45
-13.787864,10.563518,2023-01-01T00:10:46
-13.787864,10.563518,2023-01-01T00:10:47
-13.787864,10.563518,2023-01-01T00:10:48
-13.899057,10.563518,2023-01-01T00:10:49
-13.899057,10.563518,2023-01-01T00:10:50
-13.899057,10.563518,2023-01-01T00:10:51
-14.010249,10.563518,2023-01-01T00:10:52
-14.010249,10.563518,2023-01-01T00:10:53
-14.010249,10.563518,2023-01-01T00:10:54
-14.010249,10.563518,2023-01-01T00:10:55
-14.121442,10.563518,2023-01-01T00:10:56
-14.121442,10.452323,2023-01-01T00:10:57
-14.121442,10.452323,2023-01-01T00:10:58
-14.121442,10.452323,2023-01-01T00:10:59
-14.121442,10.452323,2023-01-01T00:11:00
-14.232634,10.452323,2023-01-01T00:11:01
-14.232634,10.341128,2023-01-01T00:11:02
-14.232634,10.341128,2023-01-01T00:11:03
-14.232634,10.341128,2023-01-01T00:11:04
-14.232634,10.341128,2023-01-01T00:11:05
-14.232634,10.229933,2023-01-01T00:11:06
-14.232634,10.229933,2023-01-01T00:11:07
-14.343827,10.118738,2023-01-01T00:11:08
-14.343827,10.118738,2023-01-01T00:11:09
-14.343827,10.118738,2023-01-01T00:11:10
-14.343827,10.007543,2023-01-01T00:11:11
-14.343827,10.007543,2023-01-01T00:11:12
-14.343827,9.896348,2023-01-01T00:11:13
-14.455019,9.896348,2023-01-01T00:11:14
-14.455019,9.785154,2023-01-01T00:11:15
-14.566211,9.785154,2023-01-01T00:11:16
-14.566211,9.673959,2023-01-01T00:11:17
-14.677404,9.673959,2023-01-01T00:11:18
-14.677404,9.562764,2023-01-01T00:11:19
-14.677404,9.451569,2023-01-01T00:11:20
-14.788596,9.451569,2023-01-01T00:11:21
-14.788596,9.340374,2023-01-01T00:11:22
-14.899789,9.340374,2023-01-01T00:11:23
-14.899789,9.229179,2023-01-01T00:11:24
-14.899789,9.117984,2023-01-01T00:11:25
-15.010981,9.117984,2023-01-01T00:11:26
-15.010981,9.006789,2023-01-01T00:11:27
-15.122174,9.006789,2023-01-01T00:11:28
-15.122174,8.895594,2023-01-01T00:11:29
-15.122174,8.895594,2023-01-01T00:11:30
-15.233366,8.784399,2023-01-01T00:11:31
-15.233366,8.673204,2023-01-01T00:11:32
-15.233366,8.673204,2023-01-01T00:11:33
-15.344559,8.562009,2023-01-01T00:11:34
-15.344559,8.562009,2023-01-01T00:11:35
-15.344559,8.450814,2023-01-01T00:11:36
-15.455751,8.450814,2023-01-01T00:11:37
-15.455751,8.339619,2023-01-01T00:11:38
-15.455751,8.339619,2023-01-01T00:11:39
-15.455751,8.228425,2023-01-01T00:11:40
-15.566944,8.228425,2023-01-01T00:11:41
-15.566944,8.117230,2023-01-01T00:11:42
-15.566944,8.117230,2023-01-01T00:11:43
-15.678136,8.117230,2023-01-01T00:11:44
-15.678136,8.117230,2023-01-01T00:11:45
-15.789328,8.117230,2023-01-01T00:11:46
-15.789328,8.117230,2023-01-01T00:11:47
-15.900521,8.117230,2023-01-01T00:11:48
-15.900521,8.117230,2023-01-01T00:11:49
-15.900521,8.117230,2023-01-01T00:11:50
-16.011713,8.117230,2023-01-01T00:11:51
-16.011713,8.117230,2023-01-01T00:11:52
-16.122906,8.228425,2023-01-01T00:11:53
-16.122906,8.228425,2023-01-01T00:11:54
-16.234098,8.228425,2023-01-01T00:11:55
-16.234098,8.228425,2023-01-01T00:11:56
-16.234098,8.228425,2023-01-01T00:11:57
-16.345291,8.228425,2023-01-01T00:11:58
-16.345291,8.228425,2023-01-01T00:11:59
-16.456483,8.228425,2023-01-01T00:12:00
-16.456483,8.339619,2023-01-01T00:12:01
-16.456483,8.339619,2023-01-01T00:12:02
-16.567676,8.339619,2023-01-01T00:12:03
-16.567676,8.339619,2023-01-01T00:12:04
-16.678868,8.339619,2023-01-01T00:12:05
-16.678868,8.339619,2023-01-01T00:12:06
-16.678868,8.339619,2023-01-01T00:12:07
-16.678868,8.450814,2023-01-01T00:12:08
-16.790061,8.450814,2023-01-01T00:12:09
-16.790061,8.450814,2023-01-01T00:12:10
-16.678868,8.450814,2023-01-01T00:12:11
-16.678868,8.562009,2023-01-01T00:12:12
-16.678868,8.562009,2023-01-01T00:12:13
-16.567676,8.673204,2023-01-01T00:12:14
-16.567676,8.784399,2023-01-01T00:12:15
-16.456483,8.895594,2023-01-01T00:12:16
-16.345291,8.895594,2023-01-01T00:12:17
-16.234098,9.006789,2023-01-01T00:12:18
-16.234098,9.117984,2023-01-01T00:12:19
-16.122906,9.229179,2023-01-01T00:12:20
-16.011713,9.340374,2023-01-01T00:12:21
-16.011713,9.340374,2023-01-01T00:12:22
-15.900521,9.451569,2023-01-01T00:12:23
-15.900521,9.562764,2023-01-01T00:12:24
-15.789328,9.673959,2023-01-01T00:12:25
-15.678136,9.673959,2023-01-01T00:12:26
-15.678136,9.785154,2023-01-01T00:12:27
-15.566944,9.896348,2023-01-01T00:12:28
-15.566944,9.896348,2023-01-01T00:12:29
-15.455751,10.007543,2023-01-01T00:12:30
-15.455751,10.118738,2023-01-01T00:12:31
-15.344559,10.118738,2023-01-01T00:12:32
-15.344559,10.229933,2023-01-01T00:12:33
-15.233366,10.341128,2023-01-01T00:12:34
-15.233366,10.341128,2023-01-01T00:12:35
-15.122174,10.452323,2023-01-01T00:12:36
-15.122174,10.563518,2023-01-01T00:12:37
-15.122174,10.563518,2023-01-01T00:12:38
-15.010981,10.674713,2023-01-01T00:12:39
-15.010981,10.674713,2023-01-01T00:12:40
-15.010981,10.785908,2023-01-01T00:12:41
-14.899789,10.897103,2023-01-01T00:12:42
-14.899789,10.897103,2023-01-01T00:12:43
-14.899789,11.008298,2023-01-01T00:12:44
-15.010981,11.008298,2023-01-01T00:12:45
-15.010981,11.119493,2023-01-01T00:12:46
-15.010981,11.119493,2023-01-01T00:12:47
-15.010981,11.230688,2023-01-01T00:12:48
-15.122174,11.230688,2023-01-01T00:12:49
-15.122174,11.341883,2023-01-01T00:12:50
-15.122174,11.341883,2023-01-01T00:12:51
-15.233366,11.341883,2023-01-01T00:12:52
-15.233366,11.453077,2023-01-01T00:12:53
-15.233366,11.453077,2023-01-01T00:12:54
-15.344559,11.564272,2023-01-01T00:12:55
-15.344559,11.564272,2023-01-01T00:12:56
-15.344559,11.675467,2023-01-01T00:12:57
-15.455751,11.675467,2023-01-01T00:12:58
-15.455751,11.675467,2023-01-01T00:12:59
-15.455751,11.786662,2023-01-01T00:13:00
-15.455751,11.786662,2023-01-01T00:13:01
-15.566944,11.897857,2023-01-01T00:13:02
-15.566944,11.897857,2023-01-01T00:13:03
-15.566944,11.897857,2023-01-01T00:13:04
-15.678136,12.009052,2023-01-01T00:13:05
-15.678136,12.009052,2023-01-01T00:13:06
-15.678136,12.009052,2023-01-01T00:13:07
-15.789328,12.120247,2023-01-01T00:13:08
-15.789328,12.120247,2023-01-01T00:13:09
-15.789328,12.120247,2023-01-01T00:13:10
-15.789328,12.231442,2023-01-01T00:13:11
-15.900521,12.231442,2023-01-01T00:13:12
-15.900521,12.231442,2023-01-01T00:13:13
-16.011713,12.342637,2023-01-01T00:13:14
-16.122906,12.342637,2023-01-01T00:13:15
-16.122906,12.342637,2023-01-01T00:13:16
-16.234098,12.342637,2023-01-01T00:13:17
-16.345291,12.342637,2023-01-01T00:13:18
-16.456483,12.453832,2023-01-01T00:13:19
-16.456483,12.453832,2023-01-01T00:13:20
-16.567676,12.453832,2023-01-01T00:13:21
-16.678868,12.453832,2023-01-01T00:13:22
-16.678868,12.453832,2023-01-01T00:13:23
-16.790061,12.453832,2023-01-01T00:13:24
-16.901253,12.453832,2023-01-01T00:13:25
-16.901253,12.453832,2023-01-01T00:13:26
-17.012445,12.565027,2023-01-01T00:13:27
-17.123638,12.565027,2023-01-01T00:13:28
-17.123638,12.565027,2023-01-01T00:13:29
-17.234830,12.565027,2023-01-01T00:13:30
-17.346023,12.565027,2023-01-01T00:13:31
-17.346023,12.565027,2023-01-01T00:13:32
-17.457215,12.565027,2023-01-01T00:13:33
-17.457215,12.565027,2023-01-01T00:13:34
-17.568408,12.676222,2023-01-01T00:13:35
-17.679600,12.676222,2023-01-01T00:13:36
-17.679600,12.676222,2023-01-01T00:13:37
-17.790793,12.676222,2023-01-01T00:13:38
-17.790793,12.676222,2023-01-01T00:13:39
-17.901985,12.676222,2023-01-01T00:13:40
-17.901985,12.676222,2023-01-01T00:13:41
-18.013178,12.676222,2023-01-01T00:13:42
-18.013178,12.676222,2023-01-01T00:13:43
-18.124370,12.676222,2023-01-01T00:13:44
-18.124370,12.787417,2023-01-01T00:13:45
-18.235562,12.787417,2023-01-01T00:13:46
-18.235562,12.787417,2023-01-01T00:13:47
-18.346755,12.787417,2023-01-01T00:13:48
-18.346755,12.787417,2023-01-01T00:13:49
-18.457947,12.787417,2023-01-01T00:13:50
-18.457947,12.787417,2023-01-01T00:13:51
-18.569140,12.787417,2023-01-01T00:13:52
-18.569140,12.787417,2023-01-01T00:13:53
-18.680332,12.787417,2023-01-01T00:13:54
-18.680332,12.787417,2023-01-01T00:13:55
-18.791525,12.898611,2023-01-01T00:13:56
-18.791525,12.898611,2023-01-01T00:13:57
-18.791525,12.898611,2023-01-01T00:13:58
-18.902717,12.898611,2023-01-01T00:13:59
-18.902717,12.898611,2023-01-01T00:14:00
-19.013910,12.898611,2023-01-01T00:14:01
-19.013910,12.898611,2023-01-01T00:14:02
-19.013910,12.898611,2023-01-01T00:14:03
-19.125102,12.898611,2023-01-01T00:14:04
-19.125102,12.898611,2023-01-01T00:14:05
-19.236295,12.898611,2023-01-01T00:14:06
-19.236295,12.898611,2023-01-01T00:14:07
-19.236295,12.898611,2023-01-01T00:14:08
-19.347487,12.898611,2023-01-01T00:14:09
-19.347487,12.898611,2023-01-01T00:14:10
-19.458679,13.009806,2023-01-01T00:14:11
-19.458679,13.009806,2023-01-01T00:14:12
-19.458679,13.009806,2023-01-01T00:14:13
-19.569872,13.009806,2023-01-01T00:14:14
-19.569872,13.009806,2023-01-01T00:14:15
-19.569872,13.009806,2023-01-01T00:14:16
-19.681064,13.009806,2023-01-01T00:14:17
-19.681064,13.009806,2023-01-01T00:14:18
-19.681064,13.009806,2023-01-01T00:14:19
-19.792257,13.009806,2023-01-01T00:14:20
-19.792257,13.009806,2023-01-01T00:14:21
-19.792257,13.009806,2023-01-01T00:14:22
-19.903449,13.009806,2023-01-01T00:14:23
-19.903449,13.009806,2023-01-01T00:14:24
-19.903449,13.009806,2023-01-01T00:14:25
-19.903449,13.009806,2023-01-01T00:14:26
-20.014642,13.009806,2023-01-01T00:14:27
-20.014642,13.121001,2023-01-01T00:14:28
-20.014642,13.121001,2023-01-01T00:14:29
-20.125834,13.121001,2023-01-01T00:14:30
-20.125834,13.121001,2023-01-01T00:14:31
-20.125834,13.121001,2023-01-01T00:14:32
-20.237027,13.121001,2023-01-01T00:14:33
-20.237027,13.121001,2023-01-01T00:14:34
-20.237027,13.121001,2023-01-01T00:14:35
-20.237027,13.121001,2023-01-01T00:14:36
-20.348219,13.121001,2023-01-01T00:14:37
-20.348219,13.121001,2023-01-01T00:14:38
-20.348219,13.121001,2023-01-01T00:14:39
-20.459412,13.121001,2023-01-01T00:14:40
-20.459412,13.121001,2023-01-01T00:14:41
-20.459412,13.121001,2023-01-01T00:14:42
-20.459412,13.121001,2023-01-01T00:14:43
-20.570604,13.121001,2023-01-01T00:14:44
-20.570604,13.121001,2023-01-01T00:14:45
-20.570604,13.121001,2023-01-01T00:14:46
-20.681796,13.121001,2023-01-01T00:14:47
-20.681796,13.121001,2023-01-01T00:14:48
-20.681796,13.121001,2023-01-01T00:14:49
-20.681796,13.121001,2023-01-01T00:14:50
-20.792989,13.121001,2023-01-01T00:14:51
-20.792989,13.121001,2023-01-01T00:14:52
-20.792989,13.121001,2023-01-01T00:14:53
-20.904181,13.121001,2023-01-01T00:14:54
-20.904181,13.121001,2023-01-01T00:14:55
-20.904181,13.121001,2023-01-01T00:14:56
-20.904181,13.121001,2023-01-01T00:14:57
-21.015374,13.121001,2023-01-01T00:14:58
-21.015374,13.121001,2023-01-01T00:14:59
-21.015374,13.232196,2023-01-01T00:15:00
-21.015374,13.232196,2023-01-01T00:15:01
-21.126566,13.232196,2023-01-01T00:15:02
-21.126566,13.232196,2023-01-01T00:15:03
-21.126566,13.232196,2023-01-01T00:15:04
-21.237759,13.232196,2023-01-01T00:15:05
-21.237759,13.232196,2023-01-01T00:15:06
-21.237759,13.232196,2023-01-01T00:15:07
-21.237759,13.232196,2023-01-01T00:15:08
-21.348951,13.232196,2023-01-01T00:15:09
-21.348951,13.232196,2023-01-01T00:15:10
-21.348951,13.232196,2023-01-01T00:15:11
-21.348951,13.232196,2023-01-01T00:15:12
-21.460144,13.232196,2023-01-01T00:15:13
-21.460144,13.232196,2023-01-01T00:15:14
-21.460144,13.232196,2023-01-01T00:15:15
-21.460144,13.232196,2023-01-01T00:15:16
-21.571336,13.232196,2023-01-01T00:15:17
-21.571336,13.232196,2023-01-01T00:15:18
-21.571336,13.232196,2023-01-01T00:15:19
-21.571336,13.232196,2023-01-01T00:15:20
-21.682529,13.232196,2023-01-01T00:15:21
-21.682529,13.232196,2023-01-01T00:15:22
-21.682529,13.232196,2023-01-01T00:15:23
-21.682529,13.232196,2023-01-01T00:15:24
-21.682529,13.232196,2023-01-01T00:15:25
-21.793721,13.232196,2023-01-01T00:15:26
-21.793721,13.232196,2023-01-01T00:15:27
-21.793721,13.232196,2023-01-01T00:15:28
-21.793721,13.232196,2023-01-01T00:15:29
-21.904913,13.232196,2023-01-01T00:15:30
-21.904913,13.232196,2023-01-01T00:15:31
-21.904913,13.232196,2023-01-01T00:15:32
-21.904913,13.343391,2023-01-01T00:15:33
-21.904913,13.343391,2023-01-01T00:15:34
-22.016106,13.343391,2023-01-01T00:15:35
-22.016106,13.343391,2023-01-01T00:15:36
-22.016106,13.343391,2023-01-01T00:15:37
-22.016106,13.343391,2023-01-01T00:15:38
-22.127298,13.343391,2023-01-01T00:15:39
-22.127298,13.343391,2023-01-01T00:15:40
-22.127298,13.343391,2023-01-01T00:15:41
-22.127298,13.343391,2023-01-01T00:15:42
-22.238491,13.343391,2023-01-01T00:15:43
-22.238491,13.343391,2023-01-01T00:15:44
-22.238491,13.343391,2023-01-01T00:15:45
-22.238491,13.343391,2023-01-01T00:15:46
-22.238491,13.343391,2023-01-01T00:15:47
-22.349683,13.343391,2023-01-01T00:15:48
-22.349683,13.343391,2023-01-01T00:15:49
-22.349683,13.343391,2023-01-01T00:15:50
-22.349683,13.343391,2023-01-01T00:15:51
-22.460876,13.343391,2023-01-01T00:15:52
-22.460876,13.454586,2023-01-01T00:15:53
-22.460876,13.454586,2023-01-01T00:15:54
-22.460876,13.454586,2023-01-01T00:15:55
-22.460876,13.454586,2023-01-01T00:15:56
-22.572068,13.454586,2023-01-01T00:15:57
-22.572068,13.454586,2023-01-01T00:15:58
-22.572068,13.454586,2023-01-01T00:15:59
-22.572068,13.454586,2023-01-01T00:16:00
-22.572068,13.454586,2023-01-01T00:16:01
-22.683261,13.454586,2023-01-01T00:16:02
-22.683261,13.454586,2023-01-01T00:16:03
-22.683261,13.454586,2023-01-01T00:16:04
-22.683261,13.454586,2023-01-01T00:16:05
-22.794453,13.454586,2023-01-01T00:16:06
-22.794453,13.454586,2023-01-01T00:16:07
-22.794453,13.565781,2023-01-01T00:16:08
-22.794453,13.565781,2023-01-01T00:16:09
-22.794453,13.565781,2023-01-01T00:16:10
-22.905646,13.565781,2023-01-01T00:16:11
-22.905646,13.565781,2023-01-01T00:16:12
-22.905646,13.565781,2023-01-01T00:16:13
-22.905646,13.565781,2023-01-01T00:16:14
-23.016838,13.565781,2023-01-01T00:16:15
-23.016838,13.565781,2023-01-01T00:16:16
-23.016838,13.565781,2023-01-01T00:16:17
-23.016838,13.565781,2023-01-01T00:16:18
-23.016838,13.565781,2023-01-01T00:16:19
-23.128030,13.676976,2023-01-01T00:16:20
-23.128030,13.676976,2023-01-01T00:16:21
-23.128030,13.676976,2023-01-01T00:16:22
-23.128030,13.676976,2023-01-01T00:16:23
-23.239223,13.676976,2023-01-01T00:16:24
-23.239223,13.676976,2023-01-01T00:16:25
-23.239223,13.676976,2023-01-01T00:16:26
-23.239223,13.676976,2023-01-01T00:16:27
-23.239223,13.676976,2023-01-01T00:16:28
-23.350415,13.676976,2023-01-01T00:16:29
-23.350415,13.676976,2023-01-01T00:16:30
-23.350415,13.788171,2023-01-01T00:16:31
-23.350415,13.788171,2023-01-01T00:16:32
-23.461608,13.788171,2023-01-01T00:16:33
-23.461608,13.788171,2023-01-01T00:16:34
-23.461608,13.788171,2023-01-01T00:16:35
-23.461608,13.788171,2023-01-01T00:16:36
-23.461608,13.788171,2023-01-01T00:16:37
-23.572800,13.788171,2023-01-01T00:16:38
-23.572800,13.788171,2023-01-01T00:16:39
-23.572800,13.788171,2023-01-01T00:16:40
-23.572800,13.788171,2023-01-01T00:16:41
-23.572800,13.788171,2023-01-01T00:16:42
-23.683993,13.788171,2023-01-01T00:16:43
-23.683993,13.788171,2023-01-01T00:16:44
-23.683993,13.788171,2023-01-01T00:16:45
-23.683993,13.788171,2023-01-01T00:16:46
-23.683993,13.899366,2023-01-01T00:16:47
-23.795185,13.899366,2023-01-01T00:16:48
-23.795185,13.899366,2023-01-01T00:16:49
-23.795185,13.899366,2023-01-01T00:16:50
-23.795185,13.899366,2023-01-01T00:16:51
-23.795185,13.899366,2023-01-01T00:16:52
-23.906378,13.899366,2023-01-01T00:16:53
-23.906378,13.899366,2023-01-01T00:16:54
-23.906378,13.899366,2023-01-01T00:16:55
-23.906378,13.899366,2023-01-01T00:16:56
-24.017570,13.899366,2023-01-01T00:16:57
-24.017570,13.899366,2023-01-01T00:16:58
-24.017570,13.899366,2023-01-01T00:16:59
-24.017570,13.899366,2023-01-01T00:17:00
-24.017570,13.899366,2023-01-01T00:17:01
-24.128763,14.010561,2023-01-01T00:17:02
-24.128763,14.010561,2023-01-01T00:17:03
-24.128763,14.010561,2023-01-01T00:17:04
-24.128763,14.010561,2023-01-01T00:17:05
-24.128763,14.010561,2023-01-01T00:17:06
-24.239955,14.010561,2023-01-01T00:17:07
-24.239955,14.010561,2023-01-01T00:17:08
-24.239955,14.010561,2023-01-01T00:17:09
-24.239955,14.010561,2023-01-01T00:17:10
-24.351147,14.010561,2023-01-01T00:17:11
-24.351147,14.010561,2023-01-01T00:17:12
-24.351147,14.010561,2023-01-01T00:17:13
-24.351147,14.010561,2023-01-01T00:17:14
-24.351147,14.121756,2023-01-01T00:17:15
-24.462340,14.121756,2023-01-01T00:17:16
-24.462340,14.121756,2023-01-01T00:17:17
-24.462340,14.121756,2023-01-01T00:17:18
-24.462340,14.121756,2023-01-01T00:17:19
-24.462340,14.121756,2023-01-01T00:17:20
-24.573532,14.121756,2023-01-01T00:17:21
-24.573532,14.121756,2023-01-01T00:17:22
-24.573532,14.121756,2023-01-01T00:17:23
-24.573532,14.121756,2023-01-01T00:17:24
-24.573532,14.121756,2023-01-01T00:17:25
-24.684725,14.121756,2023-01-01T00:17:26
-24.684725,14.121756,2023-01-01T00:17:27
-24.684725,14.121756,2023-01-01T00:17:28
-24.684725,14.232951,2023-01-01T00:17:29
-24.684725,14.232951,2023-01-01T00:17:30
-24.795917,14.232951,2023-01-01T00:17:31
-24.795917,14.232951,2023-01-01T00:17:32
-24.795917,14.232951,2023-01-01T00:17:33
-24.795917,14.232951,2023-01-01T00:17:34
-24.795917,14.232951,2023-01-01T00:17:35
-24.907110,14.232951,2023-01-01T00:17:36
-24.907110,14.232951,2023-01-01T00:17:37
-24.907110,14.232951,2023-01-01T00:17:38
-24.907110,14.232951,2023-01-01T00:17:39
-24.907110,14.344146,2023-01-01T00:17:40
-25.018302,14.344146,2023-01-01T00:17:41
-25.018302,14.344146,2023-01-01T00:17:42
-25.018302,14.344146,2023-01-01T00:17:43
-25.018302,14.344146,2023-01-01T00:17:44
-25.129495,14.344146,2023-01-01T00:17:45
-25.129495,14.344146,2023-01-01T00:17:46
-25.129495,14.344146,2023-01-01T00:17:47
-25.129495,14.455340,2023-01-01T00:17:48
-25.240687,14.455340,2023-01-01T00:17:49
-25.240687,14.455340,2023-01-01T00:17:50
-25.240687,14.455340,2023-01-01T00:17:51
-25.240687,14.455340,2023-01-01T00:17:52
-25.351880,14.455340,2023-01-01T00:17:53
-25.351880,14.455340,2023-01-01T00:17:54
-25.351880,14.455340,2023-01-01T00:17:55
-25.351880,14.455340,2023-01-01T00:17:56
-25.463072,14.455340,2023-01-01T00:17:57
-25.463072,14.566535,2023-01-01T00:17:58
-25.463072,14.566535,2023-01-01T00:17:59
-25.463072,14.566535,2023-01-01T00:18:00
-25.574264,14.566535,2023-01-01T00:18:01
-25.574264,14.566535,2023-01-01T00:18:02
-25.574264,14.566535,2023-01-01T00:18:03
-25.574264,14.566535,2023-01-01T00:18:04
-25.685457,14.566535,2023-01-01T00:18:05
-25.685457,14.566535,2023-01-01T00:18:06
-25.685457,14.566535,2023-01-01T00:18:07
-25.685457,14.566535,2023-01-01T00:18:08
-25.685457,14.566535,2023-01-01T00:18:09
-25.796649,14.566535,2023-01-01T00:18:10
-25.796649,14.566535,2023-01-01T00:18:11
-25.796649,14.566535,2023-01-01T00:18:12
-25.796649,14.677730,2023-01-01T00:18:13
-25.907842,14.677730,2023-01-01T00:18:14
-25.907842,14.677730,2023-01-01T00:18:15
-25.907842,14.677730,2023-01-01T00:18:16
-25.907842,14.677730,2023-01-01T00:18:17
-25.907842,14.677730,2023-01-01T00:18:18
-26.019034,14.677730,2023-01-01T00:18:19
-26.019034,14.677730,2023-01-01T00:18:20
-26.019034,14.677730,2023-01-01T00:18:21
-26.019034,14.677730,2023-01-01T00:18:22
-26.130227,14.788925,2023-01-01T00:18:23
-26.130227,14.788925,2023-01-01T00:18:24
-26.130227,14.788925,2023-01-01T00:18:25
-26.130227,14.788925,2023-01-01T00:18:26
-26.130227,14.788925,2023-01-01T00:18:27
-26.241419,14.788925,2023-01-01T00:18:28
-26.241419,14.788925,2023-01-01T00:18:29
-26.241419,14.788925,2023-01-01T00:18:30
-26.241419,14.788925,2023-01-01T00:18:31
-26.241419,14.788925,2023-01-01T00:18:32
-26.352612,14.788925,2023-01-01T00:18:33
-26.352612,14.788925,2023-01-01T00:18:34
-26.352612,14.788925,2023-01-01T00:18:35
-26.352612,14.788925,2023-01-01T00:18:36
-26.352612,14.900120,2023-01-01T00:18:37
-26.463804,14.900120,2023-01-01T00:18:38
-26.463804,14.900120,2023-01-01T00:18:39
-26.463804,14.900120,2023-01-01T00:18:40
-26.463804,14.900120,2023-01-01T00:18:41
-26.574996,14.900120,2023-01-01T00:18:42
-26.574996,14.900120,2023-01-01T00:18:43
-26.574996,14.900120,2023-01-01T00:18:44
-26.574996,14.900120,2023-01-01T00:18:45
-26.686189,14.900120,2023-01-01T00:18:46
-26.686189,15.011315,2023-01-01T00:18:47
-26.686189,15.011315,2023-01-01T00:18:48
-26.686189,15.011315,2023-01-01T00:18:49
-26.797381,15.011315,2023-01-01T00:18:50
-26.797381,15.011315,2023-01-01T00:18:51
-26.797381,15.011315,2023-01-01T00:18:52
-26.797381,15.011315,2023-01-01T00:18:53
-26.908574,15.011315,2023-01-01T00:18:54
-26.908574,15.011315,2023-01-01T00:18:55
-26.908574,15.011315,2023-01-01T00:18:56
-26.908574,15.011315,2023-01-01T00:18:57
-27.019766,15.011315,2023-01-01T00:18:58
-27.019766,15.011315,2023-01-01T00:18:59
-27.019766,15.122510,2023-01-01T00:19:00
-27.019766,15.122510,2023-01-01T00:19:01
-27.130959,15.122510,2023-01-01T00:19:02
-27.130959,15.122510,2023-01-01T00:19:03
-27.130959,15.122510,2023-01-01T00:19:04
-27.130959,15.122510,2023-01-01T00:19:05
-27.242151,15.122510,2023-01-01T00:19:06
-27.242151,15.122510,2023-01-01T00:19:07
-27.242151,15.122510,2023-01-01T00:19:08
-27.242151,15.122510,2023-01-01T00:19:09
-27.353344,15.122510,2023-01-01T00:19:10
-27.353344,15.122510,2023-01-01T00:19:11
-27.353344,15.233705,2023-01-01T00:19:12
-27.353344,15.233705,2023-01-01T00:19:13
-27.464536,15.233705,2023-01-01T00:19:14
-27.464536,15.233705,2023-01-01T00:19:15
-27.464536,15.233705,2023-01-01T00:19:16
-27.464536,15.233705,2023-01-01T00:19:17
-27.575729,15.233705,2023-01-01T00:19:18
-27.575729,15.233705,2023-01-01T00:19:19
-27.575729,15.233705,2023-01-01T00:19:20
-27.575729,15.233705,2023-01-01T00:19:21
-27.575729,15.233705,2023-01-01T00:19:22
-27.686921,15.344900,2023-01-01T00:19:23
-27.686921,15.344900,2023-01-01T00:19:24
-27.686921,15.344900,2023-01-01T00:19:25
-27.686921,15.344900,2023-01-01T00:19:26
-27.798113,15.344900,2023-01-01T00:19:27
-27.798113,15.344900,2023-01-01T00:19:28
-27.798113,15.344900,2023-01-01T00:19:29
-27.798113,15.456095,2023-01-01T00:19:30
-27.909306,15.456095,2023-01-01T00:19:31
-27.909306,15.456095,2023-01-01T00:19:32
-27.909306,15.456095,2023-01-01T00:19:33
-27.909306,15.456095,2023-01-01T00:19:34
-28.020498,15.567290,2023-01-01T00:19:35
-28.020498,15.567290,2023-01-01T00:19:36
-28.020498,15.567290,2023-01-01T00:19:37
-28.020498,15.567290,2023-01-01T00:19:38
-28.131691,15.567290,2023-01-01T00:19:39
-28.131691,15.567290,2023-01-01T00:19:40
-28.131691,15.567290,2023-01-01T00:19:41
-28.131691,15.678485,2023-01-01T00:19:42
-28.131691,15.678485,2023-01-01T00:19:43
-28.242883,15.678485,2023-01-01T00:19:44
-28.242883,15.678485,2023-01-01T00:19:45
-28.242883,15.678485,2023-01-01T00:19:46
-28.242883,15.789680,2023-01-01T00:19:47
-28.242883,15.789680,2023-01-01T00:19:48
-28.242883,15.789680,2023-01-01T00:19:49
-28.242883,15.789680,2023-01-01T00:19:50
-28.354076,15.789680,2023-01-01T00:19:51
-28.354076,15.900875,2023-01-01T00:19:52
-28.354076,15.900875,2023-01-01T00:19:53
-28.354076,15.900875,2023-01-01T00:19:54
-28.354076,15.900875,2023-01-01T00:19:55
-28.354076,16.012069,2023-01-01T00:19:56
-28.465268,16.012069,2023-01-01T00:19:57
-28.465268,16.012069,2023-01-01T00:19:58
-28.465268,16.012069,2023-01-01T00:19:59
-28.465268,16.012069,2023-01-01T00:20:00
-28.465268,16.123264,2023-01-01T00:20:01
-28.465268,16.123264,2023-01-01T00:20:02
-28.576461,16.123264,2023-01-01T00:20:03
-28.576461,16.123264,2023-01-01T00:20:04
-28.576461,16.234459,2023-01-01T00:20:05
-28.576461,16.234459,2023-01-01T00:20:06
-28.576461,16.234459,2023-01-01T00:20:07
-28.576461,16.234459,2023-01-01T00:20:08
-28.687653,16.234459,2023-01-01T00:20:09
-28.687653,16.345654,2023-01-01T00:20:10
-28.687653,16.345654,2023-01-01T00:20:11
-28.687653,16.345654,2023-01-01T00:20:12
-28.687653,16.345654,2023-01-01T00:20:13
-28.798846,16.345654,2023-01-01T00:20:14
-28.798846,16.456849,2023-01-01T00:20:15
-28.798846,16.456849,2023-01-01T00:20:16
-28.798846,16.456849,2023-01-01T00:20:17
-28.798846,16.456849,2023-01-01T00:20:18
-28.910038,16.456849,2023-01-01T00:20:19
-28.910038,16.456849,2023-01-01T00:20:20
-28.910038,16.568044,2023-01-01T00:20:21
-28.910038,16.568044,2023-01-01T00:20:22
-28.910038,16.568044,2023-01-01T00:20:23
-29.021230,16.568044,2023-01-01T00:20:24
-29.021230,16.568044,2023-01-01T00:20:25
-29.021230,16.568044,2023-01-01T00:20:26
-29.021230,16.679239,2023-01-01T00:20:27
-29.021230,16.679239,2023-01-01T00:20:28
-29.132423,16.679239,2023-01-01T00:20:29
-29.132423,16.679239,2023-01-01T00:20:30
-29.132423,16.679239,2023-01-01T00:20:31
-29.132423,16.790434,2023-01-01T00:20:32
-29.243615,16.790434,2023-01-01T00:20:33
-29.243615,16.790434,2023-01-01T00:20:34
-29.243615,16.790434,2023-01-01T00:20:35
-29.243615,16.901629,2023-01-01T00:20:36
-29.243615,16.901629,2023-01-01T00:20:37
-29.354808,16.901629,2023-01-01T00:20:38
-29.354808,16.901629,2023-01-01T00:20:39
-29.354808,17.012824,2023-01-01T00:20:40
-29.354808,17.012824,2023-01-01T00:20:41
-29.466000,17.012824,2023-01-01T00:20:42
-29.466000,17.012824,2023-01-01T00:20:43
-29.466000,17.012824,2023-01-01T00:20:44
-29.466000,17.124019,2023-01-01T00:20:45
-29.466000,17.124019,2023-01-01T00:20:46
-29.577193,17.124019,2023-01-01T00:20:47
-29.577193,17.124019,2023-01-01T00:20:48
-29.577193,17.124019,2023-01-01T00:20:49
-29.577193,17.235214,2023-01-01T00:20:50
-29.577193,17.235214,2023-01-01T00:20:51
-29.577193,17.235214,2023-01-01T00:20:52
-29.688385,17.235214,2023-01-01T00:20:53
-29.688385,17.235214,2023-01-01T00:20:54
-29.688385,17.346409,2023-01-01T00:20:55
-29.688385,17.346409,2023-01-01T00:20:56
-29.688385,17.346409,2023-01-01T00:20:57
-29.688385,17.346409,2023-01-01T00:20:58
-29.799578,17.346409,2023-01-01T00:20:59
-29.799578,17.346409,2023-01-01T00:21:00
-29.799578,17.457603,2023-01-01T00:21:01
-29.799578,17.457603,2023-01-01T00:21:02
-29.799578,17.457603,2023-01-01T00:21:03
-29.799578,17.457603,2023-01-01T00:21:04
-29.910770,17.457603,2023-01-01T00:21:05
-29.910770,17.568798,2023-01-01T00:21:06
-29.910770,17.568798,2023-01-01T00:21:07
-29.910770,17.568798,2023-01-01T00:21:08
-29.910770,17.568798,2023-01-01T00:21:09
-29.910770,17.568798,2023-01-01T00:21:10
-30.021963,17.679993,2023-01-01T00:21:11
-30.021963,17.679993,2023-01-01T00:21:12
-30.021963,17.679993,2023-01-01T00:21:13
-30.021963,17.679993,2023-01-01T00:21:14
-30.021963,17.679993,2023-01-01T00:21:15
-30.133155,17.791188,2023-01-01T00:21:16
-30.133155,17.791188,2023-01-01T00:21:17
-30.133155,17.791188,2023-01-01T00:21:18
-30.133155,17.791188,2023-01-01T00:21:19
-30.133155,17.902383,2023-01-01T00:21:20
-30.244347,17.902383,2023-01-01T00:21:21
-30.244347,17.902383,2023-01-01T00:21:22
-30.244347,17.902383,2023-01-01T00:21:23
-30.244347,18.013578,2023-01-01T00:21:24
-30.244347,18.013578,2023-01-01T00:21:25
-30.244347,18.013578,2023-01-01T00:21:26
-30.355540,18.013578,2023-01-01T00:21:27
-30.355540,18.013578,2023-01-01T00:21:28
-30.355540,18.124773,2023-01-01T00:21:29
-30.355540,18.124773,2023-01-01T00:21:30
-30.355540,18.124773,2023-01-01T00:21:31
-30.466732,18.124773,2023-01-01T00:21:32
-30.466732,18.235968,2023-01-01T00:21:33
-30.466732,18.235968,2023-01-01T00:21:34
-30.466732,18.235968,2023-01-01T00:21:35
-30.466732,18.235968,2023-01-01T00:21:36
-30.466732,18.235968,2023-01-01T00:21:37
-30.577925,18.347163,2023-01-01T00:21:38
-30.577925,18.347163,2023-01-01T00:21:39
-30.577925,18.347163,2023-01-01T00:21:40
-30.577925,18.347163,2023-01-01T00:21:41
-30.577925,18.458358,2023-01-01T00:21:42
-30.689117,18.458358,2023-01-01T00:21:43
-30.689117,18.458358,2023-01-01T00:21:44
-30.689117,18.458358,2023-01-01T00:21:45
-30.689117,18.458358,2023-01-01T00:21:46
-30.689117,18.569553,2023-01-01T00:21:47
-30.800310,18.569553,2023-01-01T00:21:48
-30.800310,18.569553,2023-01-01T00:21:49
-30.800310,18.569553,2023-01-01T00:21:50
-30.800310,18.569553,2023-01-01T00:21:51
-30.800310,18.680748,2023-01-01T00:21:52
-30.911502,18.680748,2023-01-01T00:21:53
-30.911502,18.680748,2023-01-01T00:21:54
-30.911502,18.680748,2023-01-01T00:21:55
-30.911502,18.680748,2023-01-01T00:21:56
-30.911502,18.680748,2023-01-01T00:21:57
-30.911502,18.680748,2023-01-01T00:21:58
-31.022695,18.791943,2023-01-01T00:21:59
-31.022695,18.791943,2023-01-01T00:22:00
-31.022695,18.791943,2023-01-01T00:22:01
-31.022695,18.791943,2023-01-01T00:22:02
-31.022695,18.791943,2023-01-01T00:22:03
-31.022695,18.791943,2023-01-01T00:22:04
-31.133887,18.903138,2023-01-01T00:22:05
-31.133887,18.903138,2023-01-01T00:22:06
-31.133887,18.903138,2023-01-01T00:22:07
-31.133887,18.903138,2023-01-01T00:22:08
-31.133887,18.903138,2023-01-01T00:22:09
-31.245080,18.903138,2023-01-01T00:22:10
-31.245080,19.014332,2023-01-01T00:22:11
-31.245080,19.014332,2023-01-01T00:22:12
-31.245080,19.014332,2023-01-01T00:22:13
-31.245080,19.014332,2023-01-01T00:22:14
-31.245080,19.125527,2023-01-01T00:22:15
-31.245080,19.125527,2023-01-01T00:22:16
-31.245080,19.125527,2023-01-01T00:22:17
-31.245080,19.125527,2023-01-01T00:22:18
-31.245080,19.236722,2023-01-01T00:22:19
-31.245080,19.236722,2023-01-01T00:22:20
-31.245080,19.236722,2023-01-01T00:22:21
-31.245080,19.347917,2023-01-01T00:22:22
-31.245080,19.347917,2023-01-01T00:22:23
-31.245080,19.347917,2023-01-01T00:22:24
-31.245080,19.459112,2023-01-01T00:22:25
-31.245080,19.459112,2023-01-01T00:22:26
-31.245080,19.459112,2023-01-01T00:22:27
-31.245080,19.570307,2023-01-01T00:22:28
-31.245080,19.570307,2023-01-01T00:22:29
-31.245080,19.570307,2023-01-01T00:22:30
-31.245080,19.570307,2023-01-01T00:22:31
-31.245080,19.681502,2023-01-01T00:22:32
-31.245080,19.681502,2023-01-01T00:22:33
-31.245080,19.681502,2023-01-01T00:22:34
-31.245080,19.681502,2023-01-01T00:22:35
-31.245080,19.792697,2023-01-01T00:22:36
-31.245080,19.792697,2023-01-01T00:22:37
-31.245080,19.792697,2023-01-01T00:22:38
-31.245080,19.903892,2023-01-01T00:22:39
-31.245080,19.903892,2023-01-01T00:22:40
-31.245080,19.903892,2023-01-01T00:22:41
-31.245080,19.903892,2023-01-01T00:22:42
-31.245080,20.015087,2023-01-01T00:22:43
-31.245080,20.015087,2023-01-01T00:22:44
-31.245080,20.015087,2023-01-01T00:22:45
-31.245080,20.015087,2023-01-01T00:22:46
-31.245080,20.015087,2023-01-01T00:22:47
-31.245080,20.126282,2023-01-01T00:22:48
-31.245080,20.126282,2023-01-01T00:22:49
-31.245080,20.126282,2023-01-01T00:22:50
-31.245080,20.126282,2023-01-01T00:22:51
-31.245080,20.126282,2023-01-01T00:22:52
-31.245080,20.237477,2023-01-01T00:22:53
-31.245080,20.237477,2023-01-01T00:22:54
-31.245080,20.237477,2023-01-01T00:22:55
-31.245080,20.237477,2023-01-01T00:22:56
-31.133887,20.237477,2023-01-01T00:22:57
-31.133887,20.348672,2023-01-01T00:22:58
-31.133887,20.348672,2023-01-01T00:22:59
-31.133887,20.348672,2023-01-01T00:23:00
-31.133887,20.459867,2023-01-01T00:23:01
-31.022695,20.459867,2023-01-01T00:23:02
-31.022695,20.571061,2023-01-01T00:23:03
-31.022695,20.571061,2023-01-01T00:23:04
-31.022695,20.571061,2023-01-01T00:23:05
-31.022695,20.682256,2023-01-01T00:23:06
-30.911502,20.682256,2023-01-01T00:23:07
-30.911502,20.682256,2023-01-01T00:23:08
-30.911502,20.793451,2023-01-01T00:23:09
-30.911502,20.793451,2023-01-01T00:23:10
-30.911502,20.793451,2023-01-01T00:23:11
-30.911502,20.904646,2023-01-01T00:23:12
-30.800310,20.904646,2023-01-01T00:23:13
-30.911502,20.904646,2023-01-01T00:23:14
-30.911502,20.904646,2023-01-01T00:23:15
-30.911502,20.904646,2023-01-01T00:23:16
-30.911502,21.015841,2023-01-01T00:23:17
-30.911502,21.015841,2023-01-01T00:23:18
-30.911502,21.015841,2023-01-01T00:23:19
-30.911502,21.015841,2023-01-01T00:23:20
-31.022695,21.015841,2023-01-01T00:23:21
-31.022695,21.015841,2023-01-01T00:23:22
-31.022695,21.127036,2023-01-01T00:23:23
-31.022695,21.127036,2023-01-01T00:23:24
-31.022695,21.127036,2023-01-01T00:23:25
-31.022695,21.127036,2023-01-01T00:23:26
-31.133887,21.127036,2023-01-01T00:23:27
-31.133887,21.127036,2023-01-01T00:23:28
-31.133887,21.238231,2023-01-01T00:23:29
-31.133887,21.238231,2023-01-01T00:23:30
-31.133887,21.238231,2023-01-01T00:23:31
-31.133887,21.238231,2023-01-01T00:23:32
-31.245080,21.238231,2023-01-01T00:23:33
-31.245080,21.238231,2023-01-01T00:23:34
-31.245080,21.238231,2023-01-01T00:23:35
-31.245080,21.238231,2023-01-01T00:23:36
-31.245080,21.238231,2023-01-01T00:23:37
-31.245080,21.238231,2023-01-01T00:23:38
-31.245080,21.238231,2023-01-01T00:23:39
-31.356272,21.238231,2023-01-01T00:23:40
-31.356272,21.238231,2023-01-01T00:23:41
-31.356272,21.238231,2023-01-01T00:23:42
-31.356272,21.238231,2023-01-01T00:23:43
-31.356272,21.238231,2023-01-01T00:23:44
-31.467464,21.238231,2023-01-01T00:23:45
-31.467464,21.238231,2023-01-01T00:23:46
-31.578657,21.238231,2023-01-01T00:23:47
-31.578657,21.127036,2023-01-01T00:23:48
-31.689849,21.127036,2023-01-01T00:23:49
-31.689849,21.127036,2023-01-01T00:23:50
-31.801042,21.015841,2023-01-01T00:23:51
-31.801042,21.015841,2023-01-01T00:23:52
-31.801042,21.015841,2023-01-01T00:23:53
-31.912234,20.904646,2023-01-01T00:23:54
-31.912234,20.904646,2023-01-01T00:23:55
-31.912234,20.793451,2023-01-01T00:23:56
-31.912234,20.793451,2023-01-01T00:23:57
-32.023427,20.793451,2023-01-01T00:23:58
-32.023427,20.682256,2023-01-01T00:23:59
-32.023427,20.682256,2023-01-01T00:24:00
-32.023427,20.571061,2023-01-01T00:24:01
-32.023427,20.459867,2023-01-01T00:24:02
-32.023427,20.459867,2023-01-01T00:24:03
-32.134619,20.348672,2023-01-01T00:24:04
-32.134619,20.348672,2023-01-01T00:24:05
-32.134619,20.237477,2023-01-01T00:24:06
-32.134619,20.126282,2023-01-01T00:24:07
-32.134619,20.126282,2023-01-01T00:24:08
-32.134619,20.015087,2023-01-01T00:24:09
-32.134619,19.903892,2023-01-01T00:24:10
-32.134619,19.903892,2023-01-01T00:24:11
-32.134619,19.792697,2023-01-01T00:24:12
-32.134619,19.681502,2023-01-01T00:24:13
-32.245812,19.570307,2023-01-01T00:24:14
-32.357004,19.459112,2023-01-01T00:24:15
-32.468197,19.347917,2023-01-01T00:24:16
-32.468197,19.125527,2023-01-01T00:24:17
-32.579389,19.014332,2023-01-01T00:24:18
-32.579389,18.903138,2023-01-01T00:24:19
-32.690581,18.791943,2023-01-01T00:24:20
-32.690581,18.680748,2023-01-01T00:24:21
-32.801774,18.458358,2023-01-01T00:24:22
-32.801774,18.347163,2023-01-01T00:24:23
-32.912966,18.235968,2023-01-01T00:24:24
-32.912966,18.124773,2023-01-01T00:24:25
-32.912966,17.902383,2023-01-01T00:24:26
-32.912966,17.791188,2023-01-01T00:24:27
-32.912966,17.568798,2023-01-01T00:24:28
-33.024159,17.457603,2023-01-01T00:24:29
-33.024159,17.346409,2023-01-01T00:24:30
-33.024159,17.124019,2023-01-01T00:24:31
-33.024159,17.012824,2023-01-01T00:24:32
-33.024159,16.790434,2023-01-01T00:24:33
-33.024159,16.679239,2023-01-01T00:24:34
-33.024159,16.456849,2023-01-01T00:24:35
-33.024159,16.345654,2023-01-01T00:24:36
-33.024159,16.123264,2023-01-01T00:24:37
-32.912966,16.012069,2023-01-01T00:24:38
-32.912966,15.789680,2023-01-01T00:24:39
-32.912966,15.678485,2023-01-01T00:24:40
-32.912966,15.456095,2023-01-01T00:24:41
-32.912966,15.344900,2023-01-01T00:24:42
-33.024159,15.233705,2023-01-01T00:24:43
-33.024159,15.122510,2023-01-01T00:24:44
-33.135351,15.122510,2023-01-01T00:24:45
-33.135351,15.011315,2023-01-01T00:24:46
-33.246544,14.900120,2023-01-01T00:24:47
-33.246544,14.788925,2023-01-01T00:24:48
-33.357736,14.788925,2023-01-01T00:24:49
-33.357736,14.677730,2023-01-01T00:24:50
-33.468929,14.566535,2023-01-01T00:24:51
-33.468929,14.566535,2023-01-01T00:24:52
-33.468929,14.455340,2023-01-01T00:24:53
-33.580121,14.344146,2023-01-01T00:24:54
-33.580121,14.344146,2023-01-01T00:24:55
-33.580121,14.232951,2023-01-01T00:24:56
-33.580121,14.232951,2023-01-01T00:24:57
-33.580121,14.232951,2023-01-01T00:24:58
-33.580121,14.121756,2023-01-01T00:24:59
-33.468929,14.121756,2023-01-01T00:25:00
-33.468929,14.121756,2023-01-01T00:25:01
-33.468929,14.121756,2023-01-01T00:25:02
-33.357736,14.010561,2023-01-01T00:25:03
-33.357736,14.010561,2023-01-01T00:25:04
-33.357736,14.010561,2023-01-01T00:25:05
-33.357736,14.010561,2023-01-01T00:25:06
-33.246544,14.010561,2023-01-01T00:25:07
-33.246544,14.010561,2023-01-01T00:25:08
-33.246544,13.899366,2023-01-01T00:25:09
-33.135351,13.899366,2023-01-01T00:25:10
-33.135351,13.899366,2023-01-01T00:25:11
-33.135351,13.899366,2023-01-01T00:25:12
-33.135351,14.010561,2023-01-01T00:25:13
-33.135351,14.232951,2023-01-01T00:25:14
-33.135351,14.344146,2023-01-01T00:25:15
-33.024159,14.455340,2023-01-01T00:25:16
-33.024159,14.677730,2023-01-01T00:25:17
-33.024159,14.788925,2023-01-01T00:25:18
-33.024159,14.900120,2023-01-01T00:25:19
-33.024159,15.011315,2023-01-01T00:25:20
-33.024159,15.233705,2023-01-01T00:25:21
-33.024159,15.344900,2023-01-01T00:25:22
-33.024159,15.456095,2023-01-01T00:25:23
-33.024159,15.567290,2023-01-01T00:25:24
-33.024159,15.678485,2023-01-01T00:25:25
-33.024159,15.789680,2023-01-01T00:25:26
-33.024159,15.900875,2023-01-01T00:25:27
-33.024159,16.012069,2023-01-01T00:25:28
-33.024159,16.123264,2023-01-01T00:25:29
-33.024159,16.234459,2023-01-01T00:25:30
-33.024159,16.345654,2023-01-01T00:25:31
-33.024159,16.456849,2023-01-01T00:25:32
-33.024159,16.568044,2023-01-01T00:25:33
-33.024159,16.679239,2023-01-01T00:25:34
-33.024159,16.790434,2023-01-01T00:25:35
-33.024159,16.901629,2023-01-01T00:25:36
-33.024159,17.012824,2023-01-01T00:25:37
-33.024159,17.124019,2023-01-01T00:25:38
-33.024159,17.235214,2023-01-01T00:25:39
-33.024159,17.346409,2023-01-01T00:25:40
-33.024159,17.346409,2023-01-01T00:25:41
-33.024159,17.457603,2023-01-01T00:25:42
-33.246544,17.568798,2023-01-01T00:25:43
-33.357736,17.679993,2023-01-01T00:25:44
-33.468929,17.791188,2023-01-01T00:25:45
-33.580121,17.902383,2023-01-01T00:25:46
-33.691314,18.013578,2023-01-01T00:25:47
-33.802506,18.124773,2023-01-01T00:25:48
-33.913698,18.124773,2023-01-01T00:25:49
-34.024891,18.235968,2023-01-01T00:25:50
-34.136083,18.347163,2023-01-01T00:25:51
-34.247276,18.458358,2023-01-01T00:25:52
-34.358468,18.569553,2023-01-01T00:25:53
-34.469661,18.569553,2023-01-01T00:25:54
-34.580853,18.680748,2023-01-01T00:25:55
-34.692046,18.791943,2023-01-01T00:25:56
-34.803238,18.903138,2023-01-01T00:25:57
-34.914431,18.903138,2023-01-01T00:25:58
-35.025623,19.014332,2023-01-01T00:25:59
-35.025623,19.014332,2023-01-01T00:26:00
-35.136815,19.125527,2023-01-01T00:26:01
-35.248008,19.236722,2023-01-01T00:26:02
-35.359200,19.236722,2023-01-01T00:26:03
-35.470393,19.347917,2023-01-01T00:26:04
-35.470393,19.347917,2023-01-01T00:26:05
-35.581585,19.459112,2023-01-01T00:26:06
-35.692778,19.459112,2023-01-01T00:26:07
-35.803970,19.570307,2023-01-01T00:26:08
-35.915163,19.570307,2023-01-01T00:26:09
-35.915163,19.681502,2023-01-01T00:26:10
-36.026355,19.681502,2023-01-01T00:26:11
-36.137548,19.792697,2023-01-01T00:26:12
-36.137548,19.792697,2023-01-01T00:26:13
-36.248740,19.903892,2023-01-01T00:26:14
-36.359932,19.903892,2023-01-01T00:26:15
-36.471125,19.903892,2023-01-01T00:26:16
-36.471125,20.015087,2023-01-01T00:26:17
-36.582317,20.015087,2023-01-01T00:26:18
-36.693510,20.015087,2023-01-01T00:26:19
-36.693510,20.126282,2023-01-01T00:26:20
-36.804702,20.126282,2023-01-01T00:26:21
-36.915895,20.126282,2023-01-01T00:26:22
-36.915895,20.237477,2023-01-01T00:26:23
-37.027087,20.237477,2023-01-01T00:26:24
-37.027087,20.237477,2023-01-01T00:26:25
-37.138280,20.237477,2023-01-01T00:26:26
-37.249472,20.348672,2023-01-01T00:26:27
-37.249472,20.348672,2023-01-01T00:26:28
-37.360665,20.348672,2023-01-01T00:26:29
-37.360665,20.348672,2023-01-01T00:26:30
-37.471857,20.459867,2023-01-01T00:26:31
-37.471857,20.459867,2023-01-01T00:26:32
-37.583049,20.459867,2023-01-01T00:26:33
-37.694242,20.459867,2023-01-01T00:26:34
-37.694242,20.459867,2023-01-01T00:26:35
-37.805434,20.571061,2023-01-01T00:26:36
-37.805434,20.571061,2023-01-01T00:26:37
-37.805434,20.571061,2023-01-01T00:26:38
-37.916627,20.571061,2023-01-01T00:26:39
-37.916627,20.571061,2023-01-01T00:26:40
-38.027819,20.682256,2023-01-01T00:26:41
-38.027819,20.682256,2023-01-01T00:26:42
-38.139012,20.682256,2023-01-01T00:26:43
-38.139012,20.682256,2023-01-01T00:26:44
-38.250204,20.682256,2023-01-01T00:26:45
-38.361397,20.682256,2023-01-01T00:26:46
-38.361397,20.682256,2023-01-01T00:26:47
-38.472589,20.682256,2023-01-01T00:26:48
-38.472589,20.682256,2023-01-01T00:26:49
-38.583782,20.682256,2023-01-01T00:26:50
-38.583782,20.682256,2023-01-01T00:26:51
-38.694974,20.682256,2023-01-01T00:26:52
-38.694974,20.682256,2023-01-01T00:26:53
-38.806166,20.682256,2023-01-01T00:26:54
-38.806166,20.682256,2023-01-01T00:26:55
-38.806166,20.682256,2023-01-01T00:26:56
-38.917359,20.682256,2023-01-01T00:26:57
-38.917359,20.682256,2023-01-01T00:26:58
-39.028551,20.682256,2023-01-01T00:26:59
-39.028551,20.682256,2023-01-01T00:27:00
-39.028551,20.682256,2023-01-01T00:27:01
-39.139744,20.682256,2023-01-01T00:27:02
-39.139744,20.682256,2023-01-01T00:27:03
-39.250936,20.682256,2023-01-01T00:27:04
-39.250936,20.682256,2023-01-01T00:27:05
-39.250936,20.682256,2023-01-01T00:27:06
-39.250936,20.682256,2023-01-01T00:27:07
-39.362129,20.682256,2023-01-01T00:27:08
-39.362129,20.682256,2023-01-01T00:27:09
-39.362129,20.682256,2023-01-01T00:27:10
-39.362129,20.571061,2023-01-01T00:27:11
-39.473321,20.571061,2023-01-01T00:27:12
-39.473321,20.571061,2023-01-01T00:27:13
-39.473321,20.571061,2023-01-01T00:27:14
-39.473321,20.571061,2023-01-01T00:27:15
-39.473321,20.571061,2023-01-01T00:27:16
-39.473321,20.571061,2023-01-01T00:27:17
-39.584514,20.571061,2023-01-01T00:27:18
-39.584514,20.459867,2023-01-01T00:27:19
-39.584514,20.459867,2023-01-01T00:27:20
-39.584514,20.459867,2023-01-01T00:27:21
-39.584514,20.459867,2023-01-01T00:27:22
-39.584514,20.459867,2023-01-01T00:27:23
-39.584514,20.348672,2023-01-01T00:27:24
-39.584514,20.348672,2023-01-01T00:27:25
-39.584514,20.348672,2023-01-01T00:27:26
-39.584514,20.348672,2023-01-01T00:27:27
-39.584514,20.237477,2023-01-01T00:27:28
-39.584514,20.237477,2023-01-01T00:27:29
-39.584514,20.237477,2023-01-01T00:27:30
-39.584514,20.126282,2023-01-01T00:27:31
-39.473321,20.126282,2023-01-01T00:27:32
-39.473321,20.015087,2023-01-01T00:27:33
-39.473321,20.015087,2023-01-01T00:27:34
-39.473321,19.903892,2023-01-01T00:27:35
-39.473321,19.903892,2023-01-01T00:27:36
-39.362129,19.903892,2023-01-01T00:27:37
-39.362129,19.792697,2023-01-01T00:27:38
-39.362129,19.681502,2023-01-01T00:27:39
-39.362129,19.681502,2023-01-01T00:27:40
-39.250936,19.570307,2023-01-01T00:27:41
-39.250936,19.570307,2023-01-01T00:27:42
-39.250936,19.459112,2023-01-01T00:27:43
-39.250936,19.459112,2023-01-01T00:27:44
-39.250936,19.347917,2023-01-01T00:27:45
-39.362129,19.236722,2023-01-01T00:27:46
-39.362129,19.236722,2023-01-01T00:27:47
-39.362129,19.125527,2023-01-01T00:27:48
-39.362129,19.014332,2023-01-01T00:27:49
-39.362129,18.903138,2023-01-01T00:27:50
-39.250936,18.903138,2023-01-01T00:27:51
-39.250936,18.791943,2023-01-01T00:27:52
-39.250936,18.680748,2023-01-01T00:27:53
-39.250936,18.569553,2023-01-01T00:27:54
-39.250936,18.458358,2023-01-01T00:27:55
-39.250936,18.347163,2023-01-01T00:27:56
-39.139744,18.347163,2023-01-01T00:27:57
-39.139744,18.235968,2023-01-01T00:27:58
-39.139744,18.124773,2023-01-01T00:27:59
-39.028551,18.013578,2023-01-01T00:28:00
-39.028551,17.902383,2023-01-01T00:28:01
-39.028551,17.791188,2023-01-01T00:28:02
-38.917359,17.679993,2023-01-01T00:28:03
-38.917359,17.568798,2023-01-01T00:28:04
-38.917359,17.457603,2023-01-01T00:28:05
-38.806166,17.346409,2023-01-01T00:28:06
-38.806166,17.235214,2023-01-01T00:28:07
-38.694974,17.124019,2023-01-01T00:28:08
-38.694974,17.012824,2023-01-01T00:28:09
-38.583782,16.790434,2023-01-01T00:28:10
-38.472589,16.679239,2023-01-01T00:28:11
-38.472589,16.568044,2023-01-01T00:28:12
-38.472589,16.568044,2023-01-01T00:28:13
-38.472589,16.456849,2023-01-01T00:28:14
-38.472589,16.456849,2023-01-01T00:28:15
-38.472589,16.345654,2023-01-01T00:28:16
-38.472589,16.345654,2023-01-01T00:28:17
-38.472589,16.345654,2023-01-01T00:28:18
-38.472589,16.234459,2023-01-01T00:28:19
-38.361397,16.123264,2023-01-01T00:28:20
-38.361397,16.123264,2023-01-01T00:28:21
-38.361397,16.012069,2023-01-01T00:28:22
-38.361397,16.012069,2023-01-01T00:28:23
-38.361397,15.900875,2023-01-01T00:28:24
-38.250204,15.900875,2023-01-01T00:28:25
-38.250204,15.789680,2023-01-01T00:28:26
-38.250204,15.789680,2023-01-01T00:28:27
-38.250204,15.678485,2023-01-01T00:28:28
-38.250204,15.567290,2023-01-01T00:28:29
-38.139012,15.567290,2023-01-01T00:28:30
-38.139012,15.456095,2023-01-01T00:28:31
-38.139012,15.456095,2023-01-01T00:28:32
-38.139012,15.344900,2023-01-01T00:28:33
-38.027819,15.344900,2023-01-01T00:28:34
-38.027819,15.233705,2023-01-01T00:28:35
-38.027819,15.233705,2023-01-01T00:28:36
-38.027819,15.122510,2023-01-01T00:28:37
-38.027819,15.122510,2023-01-01T00:28:38
-37.916627,15.011315,2023-01-01T00:28:39
-37.916627,15.011315,2023-01-01T00:28:40
-37.916627,14.900120,2023-01-01T00:28:41
-37.916627,14.900120,2023-01-01T00:28:42
-37.916627,14.900120,2023-01-01T00:28:43
-38.027819,15.011315,2023-01-01T00:28:44
-38.027819,15.011315,2023-01-01T00:28:45
-38.139012,15.122510,2023-01-01T00:28:46
-38.139012,15.122510,2023-01-01T00:28:47
-38.250204,15.233705,2023-01-01T00:28:48
-38.250204,15.344900,2023-01-01T00:28:49
-38.361397,15.344900,2023-01-01T00:28:50
-38.361397,15.456095,2023-01-01T00:28:51
-38.472589,15.456095,2023-01-01T00:28:52
-38.472589,15.567290,2023-01-01T00:28:53
-38.583782,15.567290,2023-01-01T00:28:54
-38.583782,15.678485,2023-01-01T00:28:55
-38.694974,15.678485,2023-01-01T00:28:56
-38.694974,15.789680,2023-01-01T00:28:57
-38.694974,15.789680,2023-01-01T00:28:58
-38.806166,15.900875,2023-01-01T00:28:59
-38.806166,15.900875,2023-01-01T00:29:00
-38.917359,16.012069,2023-01-01T00:29:01
-38.917359,16.012069,2023-01-01T00:29:02
-39.028551,16.123264,2023-01-01T00:29:03
-39.028551,16.123264,2023-01-01T00:29:04
-39.139744,16.123264,2023-01-01T00:29:05
-39.139744,16.234459,2023-01-01T00:29:06
-39.139744,16.234459,2023-01-01T00:29:07
-39.250936,16.345654,2023-01-01T00:29:08
-39.250936,16.345654,2023-01-01T00:29:09
-39.362129,16.456849,2023-01-01T00:29:10
-39.362129,16.456849,2023-01-01T00:29:11
-39.473321,16.568044,2023-01-01T00:29:12
-39.584514,16.679239,2023-01-01T00:29:13
-39.695706,16.790434,2023-01-01T00:29:14
-39.806899,16.901629,2023-01-01T00:29:15
-39.918091,17.012824,2023-01-01T00:29:16
-40.029283,17.124019,2023-01-01T00:29:17
-40.140476,17.235214,2023-01-01T00:29:18
-40.251668,17.346409,2023-01-01T00:29:19
-40.362861,17.457603,2023-01-01T00:29:20
-40.474053,17.568798,2023-01-01T00:29:21
-40.585246,17.679993,2023-01-01T00:29:22
-40.696438,17.791188,2023-01-01T00:29:23
-40.696438,17.902383,2023-01-01T00:29:24
-40.807631,18.013578,2023-01-01T00:29:25
-40.918823,18.124773,2023-01-01T00:29:26
-41.030016,18.235968,2023-01-01T00:29:27
-41.141208,18.347163,2023-01-01T00:29:28
-41.252400,18.458358,2023-01-01T00:29:29
-41.252400,18.569553,2023-01-01T00:29:30
-41.363593,18.569553,2023-01-01T00:29:31
-41.474785,18.680748,2023-01-01T00:29:32
-41.585978,18.791943,2023-01-01T00:29:33
-41.585978,18.903138,2023-01-01T00:29:34
-41.697170,19.014332,2023-01-01T00:29:35
-41.808363,19.014332,2023-01-01T00:29:36
-41.808363,19.125527,2023-01-01T00:29:37
-41.919555,19.236722,2023-01-01T00:29:38
-42.030748,19.236722,2023-01-01T00:29:39
-42.030748,19.347917,2023-01-01T00:29:40
-42.141940,19.459112,2023-01-01T00:29:41
-42.253133,19.570307,2023-01-01T00:29:42
-42.364325,19.570307,2023-01-01T00:29:43
-42.364325,19.681502,2023-01-01T00:29:44
-42.475517,19.792697,2023-01-01T00:29:45
-42.586710,19.792697,2023-01-01T00:29:46
-42.586710,19.903892,2023-01-01T00:29:47
-42.697902,20.015087,2023-01-01T00:29:48
-42.809095,20.126282,2023-01-01T00:29:49
-42.809095,20.126282,2023-01-01T00:29:50
-42.920287,20.237477,2023-01-01T00:29:51
-43.031480,20.237477,2023-01-01T00:29:52
-43.031480,20.348672,2023-01-01T00:29:53
-43.142672,20.459867,2023-01-01T00:29:54
-43.142672,20.459867,2023-01-01T00:29:55
-43.253865,20.571061,2023-01-01T00:29:56
-43.253865,20.571061,2023-01-01T00:29:57
-43.365057,20.682256,2023-01-01T00:29:58
-43.365057,20.793451,2023-01-01T00:29:59
-43.476249,20.793451,2023-01-01T00:30:00
-43.476249,20.904646,2023-01-01T00:30:01
-43.587442,20.904646,2023-01-01T00:30:02
-43.587442,21.015841,2023-01-01T00:30:03
-43.698634,21.015841,2023-01-01T00:30:04
-43.698634,21.127036,2023-01-01T00:30:05
-43.809827,21.127036,2023-01-01T00:30:06
-43.809827,21.238231,2023-01-01T00:30:07
-43.921019,21.238231,2023-01-01T00:30:08
-43.921019,21.238231,2023-01-01T00:30:09
-43.921019,21.349426,2023-01-01T00:30:10
-44.032212,21.349426,2023-01-01T00:30:11
-44.032212,21.460621,2023-01-01T00:30:12
-44.143404,21.460621,2023-01-01T00:30:13
-44.143404,21.460621,2023-01-01T00:30:14
-44.143404,21.571816,2023-01-01T00:30:15
-44.143404,21.571816,2023-01-01T00:30:16
-44.254597,21.571816,2023-01-01T00:30:17
-44.254597,21.683011,2023-01-01T00:30:18
-44.254597,21.683011,2023-01-01T00:30:19
-44.365789,21.683011,2023-01-01T00:30:20
-44.365789,21.794206,2023-01-01T00:30:21
-44.365789,21.794206,2023-01-01T00:30:22
-44.365789,21.794206,2023-01-01T00:30:23
-44.476982,21.794206,2023-01-01T00:30:24
-44.476982,21.905401,2023-01-01T00:30:25
-44.476982,21.905401,2023-01-01T00:30:26
-44.476982,21.905401,2023-01-01T00:30:27
-44.588174,21.905401,2023-01-01T00:30:28
-44.588174,22.016595,2023-01-01T00:30:29
-44.588174,22.016595,2023-01-01T00:30:30
-44.588174,22.016595,2023-01-01T00:30:31
-44.588174,22.016595,2023-01-01T00:30:32
-44.699366,22.016595,2023-01-01T00:30:33
-44.699366,22.127790,2023-01-01T00:30:34
-44.699366,22.127790,2023-01-01T00:30:35
-44.699366,22.127790,2023-01-01T00:30:36
-44.699366,22.127790,2023-01-01T00:30:37
-44.810559,22.127790,2023-01-01T00:30:38
-44.810559,22.238985,2023-01-01T00:30:39
-44.810559,22.238985,2023-01-01T00:30:40
-44.810559,22.238985,2023-01-01T00:30:41
-44.810559,22.238985,2023-01-01T00:30:42
-44.810559,22.238985,2023-01-01T00:30:43
-44.921751,22.238985,2023-01-01T00:30:44
-44.921751,22.350180,2023-01-01T00:30:45
-44.921751,22.350180,2023-01-01T00:30:46
-44.921751,22.350180,2023-01-01T00:30:47
-44.921751,22.350180,2023-01-01T00:30:48
-44.921751,22.350180,2023-01-01T00:30:49
-44.921751,22.350180,2023-01-01T00:30:50
-45.032944,22.350180,2023-01-01T00:30:51
-45.032944,22.350180,2023-01-01T00:30:52
-45.032944,22.350180,2023-01-01T00:30:53
-45.032944,22.461375,2023-01-01T00:30:54
-45.032944,22.461375,2023-01-01T00:30:55
-45.032944,22.461375,2023-01-01T00:30:56
-45.032944,22.461375,2023-01-01T00:30:57
-45.032944,22.461375,2023-01-01T00:30:58
-45.032944,22.461375,2023-01-01T00:30:59
-45.032944,22.461375,2023-01-01T00:31:00
-45.144136,22.461375,2023-01-01T00:31:01
-45.144136,22.461375,2023-01-01T00:31:02
-45.144136,22.461375,2023-01-01T00:31:03
-45.144136,22.461375,2023-01-01T00:31:04
-45.144136,22.461375,2023-01-01T00:31:05
-45.144136,22.461375,2023-01-01T00:31:06
-45.144136,22.461375,2023-01-01T00:31:07
-45.144136,22.572570,2023-01-01T00:31:08
-45.144136,22.572570,2023-01-01T00:31:09
-45.144136,22.572570,2023-01-01T00:31:10
-45.144136,22.572570,2023-01-01T00:31:11
-45.144136,22.572570,2023-01-01T00:31:12
-45.144136,22.572570,2023-01-01T00:31:13
-45.144136,22.572570,2023-01-01T00:31:14
-45.255329,22.572570,2023-01-01T00:31:15
-45.255329,22.572570,2023-01-01T00:31:16
-45.255329,22.572570,2023-01-01T00:31:17
-45.255329,22.572570,2023-01-01T00:31:18
-45.255329,22.572570,2023-01-01T00:31:19
-45.255329,22.572570,2023-01-01T00:31:20
-45.255329,22.572570,2023-01-01T00:31:21
-45.255329,22.572570,2023-01-01T00:31:22
-45.255329,22.572570,2023-01-01T00:31:23
-45.255329,22.572570,2023-01-01T00:31:24
-45.255329,22.683765,2023-01-01T00:31:25
-45.255329,22.683765,2023-01-01T00:31:26
-45.255329,22.683765,2023-01-01T00:31:27
-45.255329,22.683765,2023-01-01T00:31:28
-45.255329,22.683765,2023-01-01T00:31:29
-45.255329,22.683765,2023-01-01T00:31:30
-45.255329,22.683765,2023-01-01T00:31:31
-45.255329,22.683765,2023-01-01T00:31:32
-45.255329,22.683765,2023-01-01T00:31:33
-45.255329,22.683765,2023-01-01T00:31:34
-45.255329,22.683765,2023-01-01T00:31:35
-45.255329,22.683765,2023-01-01T00:31:36
-45.366521,22.683765,2023-01-01T00:31:37
-45.366521,22.683765,2023-01-01T00:31:38
-45.366521,22.683765,2023-01-01T00:31:39
-45.366521,22.683765,2023-01-01T00:31:40
-45.366521,22.683765,2023-01-01T00:31:41
-45.366521,22.683765,2023-01-01T00:31:42
-45.366521,22.683765,2023-01-01T00:31:43
-45.366521,22.683765,2023-01-01T00:31:44
-45.366521,22.683765,2023-01-01T00:31:45
-45.366521,22.683765,2023-01-01T00:31:46
-45.366521,22.683765,2023-01-01T00:31:47
-45.366521,22.683765,2023-01-01T00:31:48
-45.366521,22.683765,2023-01-01T00:31:49
-45.477714,22.683765,2023-01-01T00:31:50
-45.477714,22.683765,2023-01-01T00:31:51
-45.477714,22.683765,2023-01-01T00:31:52
-45.477714,22.683765,2023-01-01T00:31:53
-45.477714,22.683765,2023-01-01T00:31:54
-45.588906,22.683765,2023-01-01T00:31:55
-45.588906,22.683765,2023-01-01T00:31:56
-45.700099,22.572570,2023-01-01T00:31:57
-45.700099,22.572570,2023-01-01T00:31:58
-45.811291,22.572570,2023-01-01T00:31:59
-45.922483,22.461375,2023-01-01T00:32:00
-46.033676,22.461375,2023-01-01T00:32:01
-46.033676,22.350180,2023-01-01T00:32:02
-46.144868,22.350180,2023-01-01T00:32:03
-46.256061,22.238985,2023-01-01T00:32:04
-46.367253,22.127790,2023-01-01T00:32:05
-46.367253,22.127790,2023-01-01T00:32:06
-46.478446,22.016595,2023-01-01T00:32:07
-46.589638,22.016595,2023-01-01T00:32:08
-46.700831,21.905401,2023-01-01T00:32:09
-46.812023,21.794206,2023-01-01T00:32:10
-46.812023,21.794206,2023-01-01T00:32:11
-46.923216,21.683011,2023-01-01T00:32:12
-47.034408,21.683011,2023-01-01T00:32:13
-47.145600,21.571816,2023-01-01T00:32:14
-47.145600,21.460621,2023-01-01T00:32:15
-47.256793,21.460621,2023-01-01T00:32:16
-47.367985,21.349426,2023-01-01T00:32:17
-47.479178,21.349426,2023-01-01T00:32:18
-47.479178,21.238231,2023-01-01T00:32:19
-47.590370,21.238231,2023-01-01T00:32:20
-47.701563,21.127036,2023-01-01T00:32:21
-47.701563,21.127036,2023-01-01T00:32:22
-47.812755,21.015841,2023-01-01T00:32:23
-47.923948,21.015841,2023-01-01T00:32:24
-47.923948,20.904646,2023-01-01T00:32:25
-48.035140,20.904646,2023-01-01T00:32:26
-48.146333,20.793451,2023-01-01T00:32:27
-48.146333,20.793451,2023-01-01T00:32:28
-48.257525,20.793451,2023-01-01T00:32:29
-48.257525,20.682256,2023-01-01T00:32:30
-48.368717,20.682256,2023-01-01T00:32:31
-48.368717,20.571061,2023-01-01T00:32:32
-48.479910,20.571061,2023-01-01T00:32:33
-48.479910,20.571061,2023-01-01T00:32:34
-48.591102,20.459867,2023-01-01T00:32:35
-48.591102,20.459867,2023-01-01T00:32:36
-48.702295,20.348672,2023-01-01T00:32:37
-48.702295,20.348672,2023-01-01T00:32:38
-48.813487,20.348672,2023-01-01T00:32:39
-48.813487,20.237477,2023-01-01T00:32:40
-48.924680,20.237477,2023-01-01T00:32:41
-48.924680,20.237477,2023-01-01T00:32:42
-48.924680,20.237477,2023-01-01T00:32:43
-48.813487,20.348672,2023-01-01T00:32:44
-48.813487,20.348672,2023-01-01T00:32:45
-48.702295,20.459867,2023-01-01T00:32:46
-48.702295,20.459867,2023-01-01T00:32:47
-48.591102,20.571061,2023-01-01T00:32:48
-48.591102,20.571061,2023-01-01T00:32:49
-48.479910,20.682256,2023-01-01T00:32:50
-48.479910,20.682256,2023-01-01T00:32:51
-48.368717,20.793451,2023-01-01T00:32:52
-48.368717,20.793451,2023-01-01T00:32:53
-48.257525,20.904646,2023-01-01T00:32:54
-48.257525,20.904646,2023-01-01T00:32:55
-48.146333,20.904646,2023-01-01T00:32:56
-48.146333,21.015841,2023-01-01T00:32:57
-48.035140,21.015841,2023-01-01T00:32:58
-48.035140,21.127036,2023-01-01T00:32:59
-47.923948,21.127036,2023-01-01T00:33:00
-47.812755,21.238231,2023-01-01T00:33:01
-47.812755,21.238231,2023-01-01T00:33:02
-47.701563,21.349426,2023-01-01T00:33:03
-47.701563,21.349426,2023-01-01T00:33:04
-47.590370,21.460621,2023-01-01T00:33:05
-47.590370,21.460621,2023-01-01T00:33:06
-47.479178,21.571816,2023-01-01T00:33:07
-47.479178,21.571816,2023-01-01T00:33:08
-47.367985,21.683011,2023-01-01T00:33:09
-47.367985,21.683011,2023-01-01T00:33:10
-47.256793,21.794206,2023-01-01T00:33:11
-47.256793,21.794206,2023-01-01T00:33:12
-47.145600,21.905401,2023-01-01T00:33:13
-47.145600,21.905401,2023-01-01T00:33:14
-47.034408,21.905401,2023-01-01T00:33:15
-47.034408,22.016595,2023-01-01T00:33:16
-46.923216,22.016595,2023-01-01T00:33:17
-46.923216,22.127790,2023-01-01T00:33:18
-46.812023,22.127790,2023-01-01T00:33:19
-46.812023,22.127790,2023-01-01T00:33:20
-46.812023,22.238985,2023-01-01T00:33:21
-46.700831,22.238985,2023-01-01T00:33:22
-46.700831,22.238985,2023-01-01T00:33:23
-46.589638,22.350180,2023-01-01T00:33:24
-46.589638,22.350180,2023-01-01T00:33:25
-46.589638,22.350180,2023-01-01T00:33:26
-46.478446,22.461375,2023-01-01T00:33:27
-46.478446,22.461375,2023-01-01T00:33:28
-46.478446,22.461375,2023-01-01T00:33:29
-46.367253,22.572570,2023-01-01T00:33:30
-46.367253,22.572570,2023-01-01T00:33:31
-46.367253,22.572570,2023-01-01T00:33:32
-46.256061,22.683765,2023-01-01T00:33:33
-46.256061,22.683765,2023-01-01T00:33:34
-46.256061,22.683765,2023-01-01T00:33:35
-46.256061,22.683765,2023-01-01T00:33:36
-46.144868,22.794960,2023-01-01T00:33:37
-46.144868,22.794960,2023-01-01T00:33:38
-46.144868,22.794960,2023-01-01T00:33:39
-46.144868,22.906155,2023-01-01T00:33:40
-46.033676,22.906155,2023-01-01T00:33:41
-46.033676,22.906155,2023-01-01T00:33:42
-46.033676,22.906155,2023-01-01T00:33:43
-46.033676,22.906155,2023-01-01T00:33:44
-46.033676,22.906155,2023-01-01T00:33:45
-46.033676,22.906155,2023-01-01T00:33:46
-46.144868,23.017350,2023-01-01T00:33:47
-46.144868,23.017350,2023-01-01T00:33:48
-46.144868,23.017350,2023-01-01T00:33:49
-46.144868,23.017350,2023-01-01T00:33:50
-46.144868,23.017350,2023-01-01T00:33:51
-46.144868,23.017350,2023-01-01T00:33:52
-46.144868,23.017350,2023-01-01T00:33:53
-46.144868,23.017350,2023-01-01T00:33:54
-46.144868,23.017350,2023-01-01T00:33:55
-46.144868,23.128545,2023-01-01T00:33:56
-46.144868,23.128545,2023-01-01T00:33:57
-46.144868,23.128545,2023-01-01T00:33:58
-46.144868,23.128545,2023-01-01T00:33:59
-46.144868,23.128545,2023-01-01T00:34:00
-46.144868,23.239740,2023-01-01T00:34:01
-46.144868,23.239740,2023-01-01T00:34:02
-46.144868,23.239740,2023-01-01T00:34:03
-46.144868,23.239740,2023-01-01T00:34:04
-46.144868,23.350935,2023-01-01T00:34:05
-46.144868,23.350935,2023-01-01T00:34:06
-46.033676,23.350935,2023-01-01T00:34:07
-46.033676,23.350935,2023-01-01T00:34:08
-46.033676,23.350935,2023-01-01T00:34:09
-46.033676,23.462130,2023-01-01T00:34:10
-46.033676,23.462130,2023-01-01T00:34:11
-46.033676,23.462130,2023-01-01T00:34:12
-46.033676,23.462130,2023-01-01T00:34:13
-46.033676,23.573324,2023-01-01T00:34:14
-46.033676,23.573324,2023-01-01T00:34:15
-46.033676,23.573324,2023-01-01T00:34:16
-46.144868,23.573324,2023-01-01T00:34:17
-46.144868,23.684519,2023-01-01T00:34:18
-46.144868,23.684519,2023-01-01T00:34:19
-46.144868,23.684519,2023-01-01T00:34:20
-46.144868,23.684519,2023-01-01T00:34:21
-46.144868,23.684519,2023-01-01T00:34:22
-46.144868,23.795714,2023-01-01T00:34:23
-46.144868,23.795714,2023-01-01T00:34:24
-46.144868,23.795714,2023-01-01T00:34:25
-46.144868,23.906909,2023-01-01T00:34:26
-46.033676,23.906909,2023-01-01T00:34:27
-46.033676,23.906909,2023-01-01T00:34:28
-46.033676,24.018104,2023-01-01T00:34:29
-45.922483,24.018104,2023-01-01T00:34:30
-45.922483,24.018104,2023-01-01T00:34:31
-45.922483,24.129299,2023-01-01T00:34:32
-45.922483,24.129299,2023-01-01T00:34:33
-45.811291,24.240494,2023-01-01T00:34:34
-45.811291,24.240494,2023-01-01T00:34:35
-45.811291,24.351689,2023-01-01T00:34:36
-45.700099,24.351689,2023-01-01T00:34:37
-45.700099,24.351689,2023-01-01T00:34:38
-45.700099,24.462884,2023-01-01T00:34:39
-45.588906,24.462884,2023-01-01T00:34:40
-45.588906,24.574079,2023-01-01T00:34:41
-45.588906,24.574079,2023-01-01T00:34:42
-45.588906,24.574079,2023-01-01T00:34:43
-45.588906,24.574079,2023-01-01T00:34:44
-45.588906,24.685274,2023-01-01T00:34:45
-45.588906,24.685274,2023-01-01T00:34:46
-45.588906,24.685274,2023-01-01T00:34:47
-45.588906,24.685274,2023-01-01T00:34:48
-45.588906,24.685274,2023-01-01T00:34:49
-45.588906,24.796469,2023-01-01T00:34:50
-45.588906,24.796469,2023-01-01T00:34:51
-45.588906,24.796469,2023-01-01T00:34:52
-45.588906,24.796469,2023-01-01T00:34:53
-45.588906,24.907664,2023-01-01T00:34:54
-45.588906,24.907664,2023-01-01T00:34:55
-45.588906,24.907664,2023-01-01T00:34:56
-45.588906,24.907664,2023-01-01T00:34:57
-45.588906,24.907664,2023-01-01T00:34:58
-45.588906,25.018858,2023-01-01T00:34:59
-45.588906,25.018858,2023-01-01T00:35:00
-45.588906,25.018858,2023-01-01T00:35:01
-45.588906,25.018858,2023-01-01T00:35:02
-45.588906,25.018858,2023-01-01T00:35:03
-45.588906,25.130053,2023-01-01T00:35:04
-45.588906,25.130053,2023-01-01T00:35:05
-45.588906,25.130053,2023-01-01T00:35:06
-45.588906,25.130053,2023-01-01T00:35:07
-45.588906,25.130053,2023-01-01T00:35:08
-45.588906,25.241248,2023-01-01T00:35:09
-45.588906,25.241248,2023-01-01T00:35:10
-45.588906,25.241248,2023-01-01T00:35:11
-45.588906,25.241248,2023-01-01T00:35:12
-45.700099,25.241248,2023-01-01T00:35:13
-45.811291,25.241248,2023-01-01T00:35:14
-45.811291,25.241248,2023-01-01T00:35:15
-45.922483,25.241248,2023-01-01T00:35:16
-45.922483,25.241248,2023-01-01T00:35:17
-46.033676,25.241248,2023-01-01T00:35:18
-46.033676,25.130053,2023-01-01T00:35:19
-46.144868,25.130053,2023-01-01T00:35:20
-46.144868,25.130053,2023-01-01T00:35:21
-46.256061,25.130053,2023-01-01T00:35:22
-46.256061,25.130053,2023-01-01T00:35:23
-46.367253,25.130053,2023-01-01T00:35:24
-46.367253,25.130053,2023-01-01T00:35:25
-46.478446,25.018858,2023-01-01T00:35:26
-46.478446,25.018858,2023-01-01T00:35:27
-46.589638,25.018858,2023-01-01T00:35:28
-46.589638,25.018858,2023-01-01T00:35:29
-46.589638,25.018858,2023-01-01T00:35:30
-46.700831,25.018858,2023-01-01T00:35:31
-46.700831,24.907664,2023-01-01T00:35:32
-46.700831,24.907664,2023-01-01T00:35:33
-46.812023,24.907664,2023-01-01T00:35:34
-46.812023,24.907664,2023-01-01T00:35:35
-46.923216,24.907664,2023-01-01T00:35:36
-46.923216,24.907664,2023-01-01T00:35:37
-46.923216,24.796469,2023-01-01T00:35:38
-46.923216,24.796469,2023-01-01T00:35:39
-47.034408,24.796469,2023-01-01T00:35:40
-47.034408,24.796469,2023-01-01T00:35:41
-47.034408,24.685274,2023-01-01T00:35:42
-47.145600,24.685274,2023-01-01T00:35:43
-47.145600,24.685274,2023-01-01T00:35:44
-47.145600,24.685274,2023-01-01T00:35:45
-47.256793,24.574079,2023-01-01T00:35:46
-47.256793,24.574079,2023-01-01T00:35:47
-47.256793,24.574079,2023-01-01T00:35:48
-47.256793,24.462884,2023-01-01T00:35:49
-47.367985,24.462884,2023-01-01T00:35:50
-47.367985,24.462884,2023-01-01T00:35:51
-47.367985,24.351689,2023-01-01T00:35:52
-47.367985,24.351689,2023-01-01T00:35:53
-47.367985,24.351689,2023-01-01T00:35:54
-47.367985,24.240494,2023-01-01T00:35:55
-47.479178,24.240494,2023-01-01T00:35:56
-47.479178,24.129299,2023-01-01T00:35:57
-47.479178,24.129299,2023-01-01T00:35:58
-47.479178,24.129299,2023-01-01T00:35:59
-47.479178,24.018104,2023-01-01T00:36:00
-47.479178,24.018104,2023-01-01T00:36:01
-47.479178,23.906909,2023-01-01T00:36:02
-47.479178,23.906909,2023-01-01T00:36:03
-47.479178,23.795714,2023-01-01T00:36:04
-47.479178,23.795714,2023-01-01T00:36:05
-47.479178,23.684519,2023-01-01T00:36:06
-47.479178,23.684519,2023-01-01T00:36:07
-47.479178,23.573324,2023-01-01T00:36:08
-47.479178,23.573324,2023-01-01T00:36:09
-47.479178,23.462130,2023-01-01T00:36:10
-47.479178,23.462130,2023-01-01T00:36:11
-47.479178,23.350935,2023-01-01T00:36:12
-47.479178,23.350935,2023-01-01T00:36:13
-47.479178,23.239740,2023-01-01T00:36:14
-47.479178,23.239740,2023-01-01T00:36:15
-47.479178,23.239740,2023-01-01T00:36:16
-47.590370,23.128545,2023-01-01T00:36:17
-47.590370,23.128545,2023-01-01T00:36:18
-47.590370,23.017350,2023-01-01T00:36:19
-47.590370,23.017350,2023-01-01T00:36:20
-47.590370,22.906155,2023-01-01T00:36:21
-47.590370,22.906155,2023-01-01T00:36:22
-47.590370,22.794960,2023-01-01T00:36:23
-47.590370,22.794960,2023-01-01T00:36:24
-47.590370,22.683765,2023-01-01T00:36:25
-47.479178,22.683765,2023-01-01T00:36:26
-47.479178,22.572570,2023-01-01T00:36:27
-47.479178,22.572570,2023-01-01T00:36:28
-47.479178,22.461375,2023-01-01T00:36:29
-47.479178,22.461375,2023-01-01T00:36:30
-47.479178,22.350180,2023-01-01T00:36:31
-47.479178,22.350180,2023-01-01T00:36:32
-47.479178,22.238985,2023-01-01T00:36:33
-47.479178,22.238985,2023-01-01T00:36:34
-47.479178,22.127790,2023-01-01T00:36:35
-47.479178,22.127790,2023-01-01T00:36:36
-47.479178,22.016595,2023-01-01T00:36:37
-47.479178,22.016595,2023-01-01T00:36:38
-47.367985,21.905401,2023-01-01T00:36:39
-47.367985,21.905401,2023-01-01T00:36:40
-47.367985,21.794206,2023-01-01T00:36:41
-47.367985,21.794206,2023-01-01T00:36:42
-47.479178,21.794206,2023-01-01T00:36:43
-47.479178,21.794206,2023-01-01T00:36:44
-47.479178,21.794206,2023-01-01T00:36:45
-47.590370,21.794206,2023-01-01T00:36:46
-47.590370,21.905401,2023-01-01T00:36:47
-47.590370,21.905401,2023-01-01T00:36:48
-47.701563,21.905401,2023-01-01T00:36:49
-47.701563,21.905401,2023-01-01T00:36:50
-47.701563,21.905401,2023-01-01T00:36:51
-47.812755,21.905401,2023-01-01T00:36:52
-47.812755,21.905401,2023-01-01T00:36:53
-47.812755,21.905401,2023-01-01T00:36:54
-47.923948,21.905401,2023-01-01T00:36:55
-47.923948,22.016595,2023-01-01T00:36:56
-47.923948,22.016595,2023-01-01T00:36:57
-48.035140,22.016595,2023-01-01T00:36:58
-48.035140,22.016595,2023-01-01T00:36:59
-48.035140,22.016595,2023-01-01T00:37:00
-48.146333,22.016595,2023-01-01T00:37:01
-48.146333,22.016595,2023-01-01T00:37:02
-48.146333,22.016595,2023-01-01T00:37:03
-48.257525,22.127790,2023-01-01T00:37:04
-48.257525,22.127790,2023-01-01T00:37:05
-48.257525,22.127790,2023-01-01T00:37:06
-48.368717,22.127790,2023-01-01T00:37:07
-48.368717,22.127790,2023-01-01T00:37:08
-48.368717,22.127790,2023-01-01T00:37:09
-48.368717,22.127790,2023-01-01T00:37:10
-48.479910,22.127790,2023-01-01T00:37:11
-48.479910,22.238985,2023-01-01T00:37:12
-48.591102,22.238985,2023-01-01T00:37:13
-48.702295,22.350180,2023-01-01T00:37:14
-48.702295,22.461375,2023-01-01T00:37:15
-48.813487,22.572570,2023-01-01T00:37:16
-48.924680,22.572570,2023-01-01T00:37:17
-48.924680,22.683765,2023-01-01T00:37:18
-49.035872,22.794960,2023-01-01T00:37:19
-49.147065,22.794960,2023-01-01T00:37:20
-49.147065,22.906155,2023-01-01T00:37:21
-49.258257,23.017350,2023-01-01T00:37:22
-49.369450,23.017350,2023-01-01T00:37:23
-49.369450,23.128545,2023-01-01T00:37:24
-49.480642,23.239740,2023-01-01T00:37:25
-49.480642,23.239740,2023-01-01T00:37:26
-49.591834,23.350935,2023-01-01T00:37:27
-49.703027,23.350935,2023-01-01T00:37:28
-49.703027,23.462130,2023-01-01T00:37:29
-49.814219,23.573324,2023-01-01T00:37:30
-49.814219,23.573324,2023-01-01T00:37:31
-49.925412,23.684519,2023-01-01T00:37:32
-50.036604,23.684519,2023-01-01T00:37:33
-50.036604,23.795714,2023-01-01T00:37:34
-50.147797,23.795714,2023-01-01T00:37:35
-50.147797,23.906909,2023-01-01T00:37:36
-50.258989,23.906909,2023-01-01T00:37:37
-50.258989,24.018104,2023-01-01T00:37:38
-50.370182,24.018104,2023-01-01T00:37:39
-50.370182,24.129299,2023-01-01T00:37:40
-50.481374,24.129299,2023-01-01T00:37:41
-50.481374,24.240494,2023-01-01T00:37:42
-50.592567,24.240494,2023-01-01T00:37:43
-50.703759,24.351689,2023-01-01T00:37:44
-50.703759,24.462884,2023-01-01T00:37:45
-50.814951,24.462884,2023-01-01T00:37:46
-50.814951,24.574079,2023-01-01T00:37:47
-50.926144,24.574079,2023-01-01T00:37:48
-50.926144,24.685274,2023-01-01T00:37:49
-51.037336,24.796469,2023-01-01T00:37:50
-51.037336,24.796469,2023-01-01T00:37:51
-51.148529,24.907664,2023-01-01T00:37:52
-51.148529,24.907664,2023-01-01T00:37:53
-51.259721,25.018858,2023-01-01T00:37:54
-51.259721,25.018858,2023-01-01T00:37:55
-51.370914,25.130053,2023-01-01T00:37:56
-51.370914,25.130053,2023-01-01T00:37:57
-51.482106,25.241248,2023-01-01T00:37:58
-51.482106,25.241248,2023-01-01T00:37:59
-51.482106,25.352443,2023-01-01T00:38:00
-51.593299,25.463638,2023-01-01T00:38:01
-51.593299,25.463638,2023-01-01T00:38:02
-51.704491,25.574833,2023-01-01T00:38:03
-51.704491,25.574833,2023-01-01T00:38:04
-51.815684,25.686028,2023-01-01T00:38:05
-51.815684,25.686028,2023-01-01T00:38:06
-51.815684,25.686028,2023-01-01T00:38:07
-51.926876,25.797223,2023-01-01T00:38:08
-51.926876,25.797223,2023-01-01T00:38:09
-52.038068,25.908418,2023-01-01T00:38:10
-52.038068,25.908418,2023-01-01T00:38:11
-52.038068,26.019613,2023-01-01T00:38:12
-52.149261,26.019613,2023-01-01T00:38:13
-52.149261,26.019613,2023-01-01T00:38:14
-52.149261,26.130808,2023-01-01T00:38:15
-52.260453,26.130808,2023-01-01T00:38:16
-52.260453,26.130808,2023-01-01T00:38:17
-52.371646,26.242003,2023-01-01T00:38:18
-52.371646,26.242003,2023-01-01T00:38:19
-52.371646,26.242003,2023-01-01T00:38:20
-52.482838,26.353198,2023-01-01T00:38:21
-52.482838,26.353198,2023-01-01T00:38:22
-52.482838,26.353198,2023-01-01T00:38:23
-52.594031,26.464393,2023-01-01T00:38:24
-52.594031,26.464393,2023-01-01T00:38:25
-52.594031,26.464393,2023-01-01T00:38:26
-52.705223,26.575587,2023-01-01T00:38:27
-52.705223,26.575587,2023-01-01T00:38:28
-52.705223,26.575587,2023-01-01T00:38:29
-52.816416,26.686782,2023-01-01T00:38:30
-52.816416,26.686782,2023-01-01T00:38:31
-52.816416,26.686782,2023-01-01T00:38:32
-52.927608,26.797977,2023-01-01T00:38:33
-52.927608,26.797977,2023-01-01T00:38:34
-52.927608,26.797977,2023-01-01T00:38:35
-53.038801,26.909172,2023-01-01T00:38:36
-53.038801,26.909172,2023-01-01T00:38:37
-53.038801,26.909172,2023-01-01T00:38:38
-53.149993,26.909172,2023-01-01T00:38:39
-53.149993,27.020367,2023-01-01T00:38:40
-53.149993,27.020367,2023-01-01T00:38:41
-53.261185,27.020367,2023-01-01T00:38:42
-53.261185,27.020367,2023-01-01T00:38:43
-53.261185,27.020367,2023-01-01T00:38:44
-53.372378,27.131562,2023-01-01T00:38:45
-53.372378,27.131562,2023-01-01T00:38:46
-53.483570,27.131562,2023-01-01T00:38:47
-53.483570,27.131562,2023-01-01T00:38:48
-53.594763,27.131562,2023-01-01T00:38:49
-53.594763,27.131562,2023-01-01T00:38:50
-53.705955,27.242757,2023-01-01T00:38:51
-53.705955,27.242757,2023-01-01T00:38:52
-53.817148,27.242757,2023-01-01T00:38:53
-53.817148,27.242757,2023-01-01T00:38:54
-53.817148,27.242757,2023-01-01T00:38:55
-53.928340,27.242757,2023-01-01T00:38:56
-53.928340,27.242757,2023-01-01T00:38:57
-54.039533,27.242757,2023-01-01T00:38:58
-54.039533,27.353952,2023-01-01T00:38:59
-54.150725,27.353952,2023-01-01T00:39:00
-54.150725,27.353952,2023-01-01T00:39:01
-54.150725,27.353952,2023-01-01T00:39:02
-54.261918,27.353952,2023-01-01T00:39:03
-54.261918,27.353952,2023-01-01T00:39:04
-54.373110,27.353952,2023-01-01T00:39:05
-54.373110,27.465147,2023-01-01T00:39:06
-54.373110,27.465147,2023-01-01T00:39:07
-54.484302,27.465147,2023-01-01T00:39:08
-54.484302,27.465147,2023-01-01T00:39:09
-54.595495,27.465147,2023-01-01T00:39:10
-54.595495,27.465147,2023-01-01T00:39:11
-54.595495,27.465147,2023-01-01T00:39:12
-54.706687,27.465147,2023-01-01T00:39:13
-54.706687,27.576342,2023-01-01T00:39:14
-54.706687,27.576342,2023-01-01T00:39:15
-54.817880,27.576342,2023-01-01T00:39:16
-54.817880,27.576342,2023-01-01T00:39:17
-54.817880,27.576342,2023-01-01T00:39:18
-54.929072,27.576342,2023-01-01T00:39:19
-54.929072,27.576342,2023-01-01T00:39:20
-54.929072,27.687537,2023-01-01T00:39:21
-55.040265,27.687537,2023-01-01T00:39:22
-55.040265,27.687537,2023-01-01T00:39:23
-55.151457,27.687537,2023-01-01T00:39:24
-55.151457,27.687537,2023-01-01T00:39:25
-55.151457,27.687537,2023-01-01T00:39:26
-55.262650,27.687537,2023-01-01T00:39:27
-55.262650,27.798732,2023-01-01T00:39:28
-55.262650,27.798732,2023-01-01T00:39:29
-55.262650,27.798732,2023-01-01T00:39:30
-55.373842,27.798732,2023-01-01T00:39:31
-55.373842,27.798732,2023-01-01T00:39:32
-55.373842,27.798732,2023-01-01T00:39:33
-55.485035,27.798732,2023-01-01T00:39:34
-55.485035,27.798732,2023-01-01T00:39:35
-55.485035,27.798732,2023-01-01T00:39:36
-55.596227,27.909927,2023-01-01T00:39:37
-55.596227,27.909927,2023-01-01T00:39:38
-55.596227,27.909927,2023-01-01T00:39:39
-55.707419,27.909927,2023-01-01T00:39:40
-55.707419,27.909927,2023-01-01T00:39:41
-55.707419,27.909927,2023-01-01T00:39:42
-55.707419,27.909927,2023-01-01T00:39:43
-55.818612,27.909927,2023-01-01T00:39:44
-55.818612,28.021122,2023-01-01T00:39:45
-55.818612,28.021122,2023-01-01T00:39:46
-55.929804,28.021122,2023-01-01T00:39:47
-55.929804,28.021122,2023-01-01T00:39:48
-55.929804,28.021122,2023-01-01T00:39:49
-56.040997,28.021122,2023-01-01T00:39:50
-56.040997,28.021122,2023-01-01T00:39:51
-56.040997,28.021122,2023-01-01T00:39:52
-56.040997,28.132316,2023-01-01T00:39:53
-56.152189,28.132316,2023-01-01T00:39:54
-56.152189,28.132316,2023-01-01T00:39:55
-56.152189,28.132316,2023-01-01T00:39:56
-56.263382,28.132316,2023-01-01T00:39:57
-56.263382,28.132316,2023-01-01T00:39:58
-56.263382,28.132316,2023-01-01T00:39:59
-56.374574,28.132316,2023-01-01T00:40:00
-56.374574,28.243511,2023-01-01T00:40:01
-56.374574,28.243511,2023-01-01T00:40:02
-56.374574,28.243511,2023-01-01T00:40:03
-56.485767,28.243511,2023-01-01T00:40:04
-56.485767,28.243511,2023-01-01T00:40:05
-56.485767,28.243511,2023-01-01T00:40:06
-56.485767,28.354706,2023-01-01T00:40:07
-56.596959,28.354706,2023-01-01T00:40:08
-56.596959,28.354706,2023-01-01T00:40:09
-56.596959,28.354706,2023-01-01T00:40:10
-56.596959,28.354706,2023-01-01T00:40:11
-56.708152,28.354706,2023-01-01T00:40:12
-56.708152,28.354706,2023-01-01T00:40:13
-56.708152,28.465901,2023-01-01T00:40:14
-56.708152,28.465901,2023-01-01T00:40:15
-56.819344,28.465901,2023-01-01T00:40:16
-56.819344,28.465901,2023-01-01T00:40:17
-56.819344,28.465901,2023-01-01T00:40:18
-56.819344,28.465901,2023-01-01T00:40:19
-56.930536,28.577096,2023-01-01T00:40:20
-56.930536,28.577096,2023-01-01T00:40:21
-56.930536,28.577096,2023-01-01T00:40:22
-56.930536,28.577096,2023-01-01T00:40:23
-57.041729,28.577096,2023-01-01T00:40:24
-57.041729,28.577096,2023-01-01T00:40:25
-57.041729,28.577096,2023-01-01T00:40:26
-57.041729,28.688291,2023-01-01T00:40:27
-57.041729,28.688291,2023-01-01T00:40:28
-57.152921,28.688291,2023-01-01T00:40:29
-57.152921,28.688291,2023-01-01T00:40:30
-57.152921,28.688291,2023-01-01T00:40:31
-57.152921,28.799486,2023-01-01T00:40:32
-57.152921,28.799486,2023-01-01T00:40:33
-57.264114,28.799486,2023-01-01T00:40:34
-57.264114,28.799486,2023-01-01T00:40:35
-57.264114,28.910681,2023-01-01T00:40:36
-57.264114,28.910681,2023-01-01T00:40:37
-57.264114,28.910681,2023-01-01T00:40:38
-57.264114,28.910681,2023-01-01T00:40:39
-57.264114,28.910681,2023-01-01T00:40:40
-57.375306,29.021876,2023-01-01T00:40:41
-57.375306,29.021876,2023-01-01T00:40:42
-57.375306,29.021876,2023-01-01T00:40:43
-57.375306,29.021876,2023-01-01T00:40:44
-57.375306,29.021876,2023-01-01T00:40:45
-57.486499,29.133071,2023-01-01T00:40:46
-57.486499,29.133071,2023-01-01T00:40:47
-57.486499,29.133071,2023-01-01T00:40:48
-57.486499,29.133071,2023-01-01T00:40:49
-57.597691,29.133071,2023-01-01T00:40:50
-57.597691,29.244266,2023-01-01T00:40:51
-57.597691,29.244266,2023-01-01T00:40:52
-57.597691,29.244266,2023-01-01T00:40:53
-57.597691,29.244266,2023-01-01T00:40:54
-57.708884,29.244266,2023-01-01T00:40:55
-57.708884,29.244266,2023-01-01T00:40:56
-57.708884,29.355461,2023-01-01T00:40:57
-57.708884,29.355461,2023-01-01T00:40:58
-57.708884,29.355461,2023-01-01T00:40:59
-57.820076,29.355461,2023-01-01T00:41:00
-57.820076,29.355461,2023-01-01T00:41:01
-57.820076,29.466656,2023-01-01T00:41:02
-57.820076,29.466656,2023-01-01T00:41:03
-57.931269,29.466656,2023-01-01T00:41:04
-57.931269,29.466656,2023-01-01T00:41:05
-57.931269,29.466656,2023-01-01T00:41:06
-57.931269,29.577850,2023-01-01T00:41:07
-57.931269,29.577850,2023-01-01T00:41:08
-58.042461,29.577850,2023-01-01T00:41:09
-58.042461,29.577850,2023-01-01T00:41:10
-58.042461,29.577850,2023-01-01T00:41:11
-58.042461,29.689045,2023-01-01T00:41:12
-58.153653,29.689045,2023-01-01T00:41:13
-58.153653,29.689045,2023-01-01T00:41:14
-58.153653,29.689045,2023-01-01T00:41:15
-58.264846,29.689045,2023-01-01T00:41:16
-58.264846,29.689045,2023-01-01T00:41:17
-58.264846,29.689045,2023-01-01T00:41:18
-58.376038,29.689045,2023-01-01T00:41:19
-58.376038,29.800240,2023-01-01T00:41:20
-58.376038,29.800240,2023-01-01T00:41:21
-58.487231,29.800240,2023-01-01T00:41:22
-58.487231,29.800240,2023-01-01T00:41:23
-58.487231,29.800240,2023-01-01T00:41:24
-58.487231,29.800240,2023-01-01T00:41:25
-58.598423,29.800240,2023-01-01T00:41:26
-58.598423,29.800240,2023-01-01T00:41:27
-58.598423,29.800240,2023-01-01T00:41:28
-58.709616,29.800240,2023-01-01T00:41:29
-58.709616,29.800240,2023-01-01T00:41:30
-58.709616,29.800240,2023-01-01T00:41:31
-58.709616,29.800240,2023-01-01T00:41:32
-58.820808,29.800240,2023-01-01T00:41:33
-58.820808,29.800240,2023-01-01T00:41:34
-58.820808,29.800240,2023-01-01T00:41:35
-58.820808,29.911435,2023-01-01T00:41:36
-58.820808,29.911435,2023-01-01T00:41:37
-58.820808,29.800240,2023-01-01T00:41:38
-58.932001,29.800240,2023-01-01T00:41:39
-58.932001,29.800240,2023-01-01T00:41:40
-58.932001,29.800240,2023-01-01T00:41:41
-58.932001,29.800240,2023-01-01T00:41:42
-58.932001,29.800240,2023-01-01T00:41:43
-58.932001,29.800240,2023-01-01T00:41:44
-59.043193,29.800240,2023-01-01T00:41:45
-59.043193,29.800240,2023-01-01T00:41:46
-59.043193,29.800240,2023-01-01T00:41:47
-59.043193,29.800240,2023-01-01T00:41:48
-59.043193,29.800240,2023-01-01T00:41:49
-59.043193,29.689045,2023-01-01T00:41:50
-59.043193,29.689045,2023-01-01T00:41:51
-59.043193,29.689045,2023-01-01T00:41:52
-59.043193,29.689045,2023-01-01T00:41:53
-59.043193,29.689045,2023-01-01T00:41:54
-59.043193,29.577850,2023-01-01T00:41:55
-59.043193,29.577850,2023-01-01T00:41:56
-59.043193,29.577850,2023-01-01T00:41:57
-59.043193,29.577850,2023-01-01T00:41:58
-59.043193,29.577850,2023-01-01T00:41:59
-59.043193,29.466656,2023-01-01T00:42:00
-59.043193,29.466656,2023-01-01T00:42:01
-59.043193,29.466656,2023-01-01T00:42:02
-59.043193,29.466656,2023-01-01T00:42:03
-58.932001,29.355461,2023-01-01T00:42:04
-58.932001,29.355461,2023-01-01T00:42:05
-58.932001,29.355461,2023-01-01T00:42:06
-58.932001,29.244266,2023-01-01T00:42:07
-58.932001,29.244266,2023-01-01T00:42:08
-58.932001,29.133071,2023-01-01T00:42:09
-58.820808,29.133071,2023-01-01T00:42:10
-58.820808,29.133071,2023-01-01T00:42:11
-58.820808,29.021876,2023-01-01T00:42:12
-58.820808,29.021876,2023-01-01T00:42:13
-58.820808,29.021876,2023-01-01T00:42:14
-58.820808,28.910681,2023-01-01T00:42:15
-58.820808,28.910681,2023-01-01T00:42:16
-58.820808,28.910681,2023-01-01T00:42:17
-58.709616,28.799486,2023-01-01T00:42:18
-58.709616,28.799486,2023-01-01T00:42:19
-58.709616,28.799486,2023-01-01T00:42:20
-58.709616,28.688291,2023-01-01T00:42:21
-58.709616,28.688291,2023-01-01T00:42:22
-58.709616,28.688291,2023-01-01T00:42:23
-58.709616,28.577096,2023-01-01T00:42:24
-58.709616,28.577096,2023-01-01T00:42:25
-58.598423,28.577096,2023-01-01T00:42:26
-58.598423,28.465901,2023-01-01T00:42:27
-58.598423,28.465901,2023-01-01T00:42:28
-58.598423,28.465901,2023-01-01T00:42:29
-58.598423,28.354706,2023-01-01T00:42:30
-58.598423,28.354706,2023-01-01T00:42:31
-58.598423,28.354706,2023-01-01T00:42:32
-58.598423,28.243511,2023-01-01T00:42:33
-58.598423,28.243511,2023-01-01T00:42:34
-58.598423,28.243511,2023-01-01T00:42:35
-58.598423,28.243511,2023-01-01T00:42:36
-58.598423,28.132316,2023-01-01T00:42:37
-58.598423,28.132316,2023-01-01T00:42:38
-58.487231,28.132316,2023-01-01T00:42:39
-58.487231,28.021122,2023-01-01T00:42:40
-58.487231,28.021122,2023-01-01T00:42:41
-58.598423,28.132316,2023-01-01T00:42:42
-58.598423,28.132316,2023-01-01T00:42:43
-58.598423,28.132316,2023-01-01T00:42:44
-58.709616,28.132316,2023-01-01T00:42:45
-58.709616,28.243511,2023-01-01T00:42:46
-58.709616,28.243511,2023-01-01T00:42:47
-58.820808,28.243511,2023-01-01T00:42:48
-58.820808,28.243511,2023-01-01T00:42:49
-58.820808,28.354706,2023-01-01T00:42:50
-58.932001,28.354706,2023-01-01T00:42:51
-58.932001,28.354706,2023-01-01T00:42:52
-58.932001,28.354706,2023-01-01T00:42:53
-59.043193,28.465901,2023-01-01T00:42:54
-59.043193,28.465901,2023-01-01T00:42:55
-59.043193,28.465901,2023-01-01T00:42:56
-59.043193,28.465901,2023-01-01T00:42:57
-59.154386,28.577096,2023-01-01T00:42:58
-59.154386,28.577096,2023-01-01T00:42:59
-59.154386,28.577096,2023-01-01T00:43:00
-59.265578,28.577096,2023-01-01T00:43:01
-59.265578,28.577096,2023-01-01T00:43:02
-59.265578,28.688291,2023-01-01T00:43:03
-59.376770,28.688291,2023-01-01T00:43:04
-59.376770,28.688291,2023-01-01T00:43:05
-59.376770,28.688291,2023-01-01T00:43:06
-59.376770,28.688291,2023-01-01T00:43:07
-59.487963,28.688291,2023-01-01T00:43:08
-59.487963,28.799486,2023-01-01T00:43:09
-59.487963,28.799486,2023-01-01T00:43:10
-59.599155,28.799486,2023-01-01T00:43:11
-59.599155,28.799486,2023-01-01T00:43:12
-59.710348,28.910681,2023-01-01T00:43:13
-59.710348,28.910681,2023-01-01T00:43:14
-59.821540,29.021876,2023-01-01T00:43:15
-59.932733,29.021876,2023-01-01T00:43:16
-59.932733,29.021876,2023-01-01T00:43:17
-60.043925,29.133071,2023-01-01T00:43:18
-60.043925,29.133071,2023-01-01T00:43:19
-60.155118,29.244266,2023-01-01T00:43:20
-60.155118,29.244266,2023-01-01T00:43:21
-60.266310,29.244266,2023-01-01T00:43:22
-60.377502,29.355461,2023-01-01T00:43:23
-60.377502,29.355461,2023-01-01T00:43:24
-60.488695,29.466656,2023-01-01T00:43:25
-60.488695,29.466656,2023-01-01T00:43:26
-60.599887,29.466656,2023-01-01T00:43:27
-60.599887,29.577850,2023-01-01T00:43:28
-60.711080,29.577850,2023-01-01T00:43:29
-60.711080,29.577850,2023-01-01T00:43:30
-60.822272,29.689045,2023-01-01T00:43:31
-60.822272,29.689045,2023-01-01T00:43:32
-60.933465,29.689045,2023-01-01T00:43:33
-60.933465,29.800240,2023-01-01T00:43:34
-61.044657,29.800240,2023-01-01T00:43:35
-61.044657,29.800240,2023-01-01T00:43:36
-61.155850,29.911435,2023-01-01T00:43:37
-61.155850,29.911435,2023-01-01T00:43:38
-61.267042,29.911435,2023-01-01T00:43:39
-61.267042,29.911435,2023-01-01T00:43:40
-61.378235,30.022630,2023-01-01T00:43:41
-61.378235,30.022630,2023-01-01T00:43:42
-61.489427,30.022630,2023-01-01T00:43:43
-61.489427,30.133825,2023-01-01T00:43:44
-61.600619,30.133825,2023-01-01T00:43:45
-61.600619,30.133825,2023-01-01T00:43:46
-61.711812,30.245020,2023-01-01T00:43:47
-61.711812,30.245020,2023-01-01T00:43:48
-61.823004,30.245020,2023-01-01T00:43:49
-61.823004,30.245020,2023-01-01T00:43:50
-61.934197,30.356215,2023-01-01T00:43:51
-61.934197,30.356215,2023-01-01T00:43:52
-61.934197,30.356215,2023-01-01T00:43:53
-62.045389,30.467410,2023-01-01T00:43:54
-62.045389,30.467410,2023-01-01T00:43:55
-62.156582,30.467410,2023-01-01T00:43:56
-62.156582,30.467410,2023-01-01T00:43:57
-62.267774,30.578605,2023-01-01T00:43:58
-62.267774,30.578605,2023-01-01T00:43:59
-62.378967,30.578605,2023-01-01T00:44:00
-62.378967,30.689800,2023-01-01T00:44:01
-62.490159,30.689800,2023-01-01T00:44:02
-62.490159,30.689800,2023-01-01T00:44:03
-62.490159,30.689800,2023-01-01T00:44:04
-62.601352,30.800995,2023-01-01T00:44:05
-62.601352,30.800995,2023-01-01T00:44:06
-62.712544,30.800995,2023-01-01T00:44:07
-62.712544,30.800995,2023-01-01T00:44:08
-62.823736,30.912190,2023-01-01T00:44:09
-62.823736,30.912190,2023-01-01T00:44:10
-62.823736,30.912190,2023-01-01T00:44:11
-62.934929,30.912190,2023-01-01T00:44:12
-62.934929,31.023385,2023-01-01T00:44:13
-63.046121,31.023385,2023-01-01T00:44:14
-63.046121,31.023385,2023-01-01T00:44:15
-63.046121,31.023385,2023-01-01T00:44:16
-63.157314,31.134579,2023-01-01T00:44:17
-63.157314,31.134579,2023-01-01T00:44:18
-63.268506,31.134579,2023-01-01T00:44:19
-63.268506,31.134579,2023-01-01T00:44:20
-63.268506,31.245774,2023-01-01T00:44:21
-63.379699,31.245774,2023-01-01T00:44:22
-63.379699,31.245774,2023-01-01T00:44:23
-63.379699,31.245774,2023-01-01T00:44:24
-63.490891,31.356969,2023-01-01T00:44:25
-63.490891,31.356969,2023-01-01T00:44:26
-63.490891,31.356969,2023-01-01T00:44:27
-63.602084,31.356969,2023-01-01T00:44:28
-63.602084,31.468164,2023-01-01T00:44:29
-63.602084,31.468164,2023-01-01T00:44:30
-63.713276,31.468164,2023-01-01T00:44:31
-63.713276,31.579359,2023-01-01T00:44:32
-63.713276,31.579359,2023-01-01T00:44:33
-63.824469,31.579359,2023-01-01T00:44:34
-63.824469,31.579359,2023-01-01T00:44:35
-63.824469,31.690554,2023-01-01T00:44:36
-63.935661,31.690554,2023-01-01T00:44:37
-63.935661,31.690554,2023-01-01T00:44:38
-63.935661,31.690554,2023-01-01T00:44:39
-63.935661,31.801749,2023-01-01T00:44:40
-64.046853,31.801749,2023-01-01T00:44:41
-64.046853,31.801749,2023-01-01T00:44:42
-64.046853,31.801749,2023-01-01T00:44:43
-64.158046,31.912944,2023-01-01T00:44:44
-64.158046,31.912944,2023-01-01T00:44:45
-64.158046,31.912944,2023-01-01T00:44:46
-64.269238,31.912944,2023-01-01T00:44:47
-64.269238,31.912944,2023-01-01T00:44:48
-64.269238,32.024139,2023-01-01T00:44:49
-64.380431,32.024139,2023-01-01T00:44:50
-64.380431,32.024139,2023-01-01T00:44:51
-64.380431,32.024139,2023-01-01T00:44:52
-64.380431,32.024139,2023-01-01T00:44:53
-64.491623,32.135334,2023-01-01T00:44:54
-64.491623,32.135334,2023-01-01T00:44:55
-64.491623,32.135334,2023-01-01T00:44:56
-64.491623,32.135334,2023-01-01T00:44:57
-64.602816,32.135334,2023-01-01T00:44:58
-64.602816,32.246529,2023-01-01T00:44:59
-64.602816,32.246529,2023-01-01T00:45:00
-64.714008,32.246529,2023-01-01T00:45:01
-64.714008,32.246529,2023-01-01T00:45:02
-64.714008,32.246529,2023-01-01T00:45:03
-64.825201,32.357724,2023-01-01T00:45:04
-64.825201,32.357724,2023-01-01T00:45:05
-64.825201,32.357724,2023-01-01T00:45:06
-64.825201,32.357724,2023-01-01T00:45:07
-64.936393,32.357724,2023-01-01T00:45:08
-64.936393,32.468919,2023-01-01T00:45:09
-64.936393,32.468919,2023-01-01T00:45:10
-65.047586,32.468919,2023-01-01T00:45:11
-65.047586,32.468919,2023-01-01T00:45:12
-65.047586,32.468919,2023-01-01T00:45:13
-65.158778,32.468919,2023-01-01T00:45:14
-65.158778,32.468919,2023-01-01T00:45:15
-65.158778,32.468919,2023-01-01T00:45:16
-65.158778,32.468919,2023-01-01T00:45:17
-65.269970,32.468919,2023-01-01T00:45:18
-65.269970,32.468919,2023-01-01T00:45:19
-65.269970,32.468919,2023-01-01T00:45:20
-65.269970,32.468919,2023-01-01T00:45:21
-65.269970,32.468919,2023-01-01T00:45:22
-65.381163,32.468919,2023-01-01T00:45:23
-65.381163,32.468919,2023-01-01T00:45:24
-65.381163,32.468919,2023-01-01T00:45:25
-65.381163,32.468919,2023-01-01T00:45:26
-65.381163,32.468919,2023-01-01T00:45:27
-65.381163,32.468919,2023-01-01T00:45:28
-65.381163,32.468919,2023-01-01T00:45:29
-65.492355,32.468919,2023-01-01T00:45:30
-65.492355,32.468919,2023-01-01T00:45:31
-65.492355,32.468919,2023-01-01T00:45:32
-65.492355,32.357724,2023-01-01T00:45:33
-65.492355,32.357724,2023-01-01T00:45:34
-65.492355,32.357724,2023-01-01T00:45:35
-65.492355,32.357724,2023-01-01T00:45:36
-65.492355,32.357724,2023-01-01T00:45:37
-65.492355,32.246529,2023-01-01T00:45:38
-65.492355,32.246529,2023-01-01T00:45:39
-65.381163,32.246529,2023-01-01T00:45:40
-65.381163,32.246529,2023-01-01T00:45:41
-65.381163,32.135334,2023-01-01T00:45:42
-65.381163,32.135334,2023-01-01T00:45:43
-65.381163,32.024139,2023-01-01T00:45:44
-65.381163,32.024139,2023-01-01T00:45:45
-65.381163,31.912944,2023-01-01T00:45:46
-65.381163,31.912944,2023-01-01T00:45:47
-65.381163,31.912944,2023-01-01T00:45:48
-65.381163,31.801749,2023-01-01T00:45:49
-65.381163,31.690554,2023-01-01T00:45:50
-65.269970,31.690554,2023-01-01T00:45:51
-65.269970,31.579359,2023-01-01T00:45:52
-65.269970,31.579359,2023-01-01T00:45:53
-65.269970,31.468164,2023-01-01T00:45:54
-65.158778,31.468164,2023-01-01T00:45:55
-65.158778,31.356969,2023-01-01T00:45:56
-65.158778,31.245774,2023-01-01T00:45:57
-65.158778,31.245774,2023-01-01T00:45:58
-65.047586,31.134579,2023-01-01T00:45:59
-65.047586,31.023385,2023-01-01T00:46:00
-65.047586,31.023385,2023-01-01T00:46:01
-64.936393,30.912190,2023-01-01T00:46:02
-64.936393,30.800995,2023-01-01T00:46:03
-64.825201,30.800995,2023-01-01T00:46:04
-64.825201,30.689800,2023-01-01T00:46:05
-64.825201,30.578605,2023-01-01T00:46:06
-64.714008,30.578605,2023-01-01T00:46:07
-64.714008,30.467410,2023-01-01T00:46:08
-64.714008,30.467410,2023-01-01T00:46:09
-64.602816,30.356215,2023-01-01T00:46:10
-64.602816,30.245020,2023-01-01T00:46:11
-64.602816,30.245020,2023-01-01T00:46:12
-64.602816,30.245020,2023-01-01T00:46:13
-64.602816,30.133825,2023-01-01T00:46:14
-64.602816,30.133825,2023-01-01T00:46:15
-64.602816,30.133825,2023-01-01T00:46:16
-64.602816,30.133825,2023-01-01T00:46:17
-64.714008,30.022630,2023-01-01T00:46:18
-64.714008,30.022630,2023-01-01T00:46:19
-64.714008,30.022630,2023-01-01T00:46:20
-64.714008,30.022630,2023-01-01T00:46:21
-64.714008,29.911435,2023-01-01T00:46:22
-64.714008,29.911435,2023-01-01T00:46:23
-64.714008,29.911435,2023-01-01T00:46:24
-64.714008,29.911435,2023-01-01T00:46:25
-64.714008,29.800240,2023-01-01T00:46:26
-64.825201,29.800240,2023-01-01T00:46:27
-64.825201,29.800240,2023-01-01T00:46:28
-64.825201,29.800240,2023-01-01T00:46:29
-64.825201,29.800240,2023-01-01T00:46:30
-64.825201,29.800240,2023-01-01T00:46:31
-64.825201,29.689045,2023-01-01T00:46:32
-64.825201,29.689045,2023-01-01T00:46:33
-64.936393,29.689045,2023-01-01T00:46:34
-64.936393,29.689045,2023-01-01T00:46:35
-64.936393,29.689045,2023-01-01T00:46:36
-64.936393,29.689045,2023-01-01T00:46:37
-64.936393,29.577850,2023-01-01T00:46:38
-64.936393,29.577850,2023-01-01T00:46:39
-65.047586,29.577850,2023-01-01T00:46:40
-65.047586,29.577850,2023-01-01T00:46:41
-65.158778,29.689045,2023-01-01T00:46:42
-65.158778,29.689045,2023-01-01T00:46:43
-65.269970,29.800240,2023-01-01T00:46:44
-65.381163,29.911435,2023-01-01T00:46:45
-65.492355,29.911435,2023-01-01T00:46:46
-65.492355,30.022630,2023-01-01T00:46:47
-65.603548,30.133825,2023-01-01T00:46:48
-65.714740,30.133825,2023-01-01T00:46:49
-65.825933,30.245020,2023-01-01T00:46:50
-65.825933,30.245020,2023-01-01T00:46:51
-65.937125,30.356215,2023-01-01T00:46:52
-66.048318,30.356215,2023-01-01T00:46:53
-66.048318,30.467410,2023-01-01T00:46:54
-66.159510,30.578605,2023-01-01T00:46:55
-66.270703,30.578605,2023-01-01T00:46:56
-66.270703,30.689800,2023-01-01T00:46:57
-66.381895,30.689800,2023-01-01T00:46:58
-66.493087,30.800995,2023-01-01T00:46:59
-66.493087,30.800995,2023-01-01T00:47:00
-66.604280,30.912190,2023-01-01T00:47:01
-66.715472,30.912190,2023-01-01T00:47:02
-66.715472,31.023385,2023-01-01T00:47:03
-66.826665,31.023385,2023-01-01T00:47:04
-66.937857,31.134579,2023-01-01T00:47:05
-66.937857,31.134579,2023-01-01T00:47:06
-67.049050,31.134579,2023-01-01T00:47:07
-67.049050,31.245774,2023-01-01T00:47:08
-67.160242,31.245774,2023-01-01T00:47:09
-67.271435,31.356969,2023-01-01T00:47:10
-67.271435,31.356969,2023-01-01T00:47:11
-67.382627,31.468164,2023-01-01T00:47:12
-67.493820,31.468164,2023-01-01T00:47:13
-67.493820,31.579359,2023-01-01T00:47:14
-67.605012,31.579359,2023-01-01T00:47:15
-67.716204,31.690554,2023-01-01T00:47:16
-67.827397,31.690554,2023-01-01T00:47:17
-67.827397,31.801749,2023-01-01T00:47:18
-67.938589,31.801749,2023-01-01T00:47:19
-68.049782,31.912944,2023-01-01T00:47:20
-68.160974,31.912944,2023-01-01T00:47:21
-68.160974,32.024139,2023-01-01T00:47:22
-68.272167,32.024139,2023-01-01T00:47:23
-68.272167,32.024139,2023-01-01T00:47:24
-68.383359,32.135334,2023-01-01T00:47:25
-68.494552,32.135334,2023-01-01T00:47:26
-68.494552,32.246529,2023-01-01T00:47:27
-68.605744,32.246529,2023-01-01T00:47:28
-68.605744,32.246529,2023-01-01T00:47:29
-68.716937,32.357724,2023-01-01T00:47:30
-68.828129,32.357724,2023-01-01T00:47:31
-68.828129,32.357724,2023-01-01T00:47:32
-68.939321,32.468919,2023-01-01T00:47:33
-68.939321,32.468919,2023-01-01T00:47:34
-69.050514,32.468919,2023-01-01T00:47:35
-69.050514,32.468919,2023-01-01T00:47:36
-69.050514,32.580114,2023-01-01T00:47:37
-69.161706,32.580114,2023-01-01T00:47:38
-69.161706,32.580114,2023-01-01T00:47:39
-69.272899,32.580114,2023-01-01T00:47:40
-69.272899,32.691308,2023-01-01T00:47:41
-69.272899,32.691308,2023-01-01T00:47:42
-69.384091,32.691308,2023-01-01T00:47:43
-69.384091,32.691308,2023-01-01T00:47:44
-69.495284,32.691308,2023-01-01T00:47:45
-69.495284,32.691308,2023-01-01T00:47:46
-69.495284,32.691308,2023-01-01T00:47:47
-69.606476,32.691308,2023-01-01T00:47:48
-69.606476,32.691308,2023-01-01T00:47:49
-69.606476,32.802503,2023-01-01T00:47:50
-69.606476,32.802503,2023-01-01T00:47:51
-69.717669,32.802503,2023-01-01T00:47:52
-69.717669,32.802503,2023-01-01T00:47:53
-69.717669,32.802503,2023-01-01T00:47:54
-69.828861,32.802503,2023-01-01T00:47:55
-69.828861,32.802503,2023-01-01T00:47:56
-69.828861,32.802503,2023-01-01T00:47:57
-69.828861,32.802503,2023-01-01T00:47:58
-69.940054,32.802503,2023-01-01T00:47:59
-69.940054,32.802503,2023-01-01T00:48:00
-69.940054,32.802503,2023-01-01T00:48:01
-69.940054,32.802503,2023-01-01T00:48:02
-70.051246,32.802503,2023-01-01T00:48:03
-70.051246,32.802503,2023-01-01T00:48:04
-70.051246,32.802503,2023-01-01T00:48:05
-70.051246,32.802503,2023-01-01T00:48:06
-70.051246,32.913698,2023-01-01T00:48:07
-70.051246,32.913698,2023-01-01T00:48:08
-70.162438,32.913698,2023-01-01T00:48:09
-70.162438,32.913698,2023-01-01T00:48:10
-70.162438,33.024893,2023-01-01T00:48:11
-70.162438,33.024893,2023-01-01T00:48:12
-70.162438,33.136088,2023-01-01T00:48:13
-70.162438,33.136088,2023-01-01T00:48:14
-70.273631,33.136088,2023-01-01T00:48:15
-70.273631,33.247283,2023-01-01T00:48:16
-70.273631,33.247283,2023-01-01T00:48:17
-70.273631,33.358478,2023-01-01T00:48:18
-70.384823,33.358478,2023-01-01T00:48:19
-70.384823,33.358478,2023-01-01T00:48:20
-70.384823,33.469673,2023-01-01T00:48:21
-70.384823,33.469673,2023-01-01T00:48:22
-70.496016,33.469673,2023-01-01T00:48:23
-70.496016,33.580868,2023-01-01T00:48:24
-70.496016,33.580868,2023-01-01T00:48:25
-70.496016,33.692063,2023-01-01T00:48:26
-70.607208,33.692063,2023-01-01T00:48:27
-70.607208,33.692063,2023-01-01T00:48:28
-70.607208,33.803258,2023-01-01T00:48:29
-70.607208,33.803258,2023-01-01T00:48:30
-70.718401,33.803258,2023-01-01T00:48:31
-70.718401,33.914453,2023-01-01T00:48:32
-70.718401,33.914453,2023-01-01T00:48:33
-70.718401,33.914453,2023-01-01T00:48:34
-70.718401,34.025648,2023-01-01T00:48:35
-70.829593,34.025648,2023-01-01T00:48:36
-70.829593,34.025648,2023-01-01T00:48:37
-70.829593,34.136842,2023-01-01T00:48:38
-70.829593,34.136842,2023-01-01T00:48:39
-70.940786,34.136842,2023-01-01T00:48:40
-70.940786,34.248037,2023-01-01T00:48:41
-70.940786,34.248037,2023-01-01T00:48:42
-71.051978,34.248037,2023-01-01T00:48:43
-71.163171,34.359232,2023-01-01T00:48:44
-71.163171,34.359232,2023-01-01T00:48:45
-71.274363,34.359232,2023-01-01T00:48:46
-71.274363,34.470427,2023-01-01T00:48:47
-71.385555,34.470427,2023-01-01T00:48:48
-71.385555,34.470427,2023-01-01T00:48:49
-71.496748,34.581622,2023-01-01T00:48:50
-71.496748,34.581622,2023-01-01T00:48:51
-71.607940,34.581622,2023-01-01T00:48:52
-71.607940,34.692817,2023-01-01T00:48:53
-71.719133,34.692817,2023-01-01T00:48:54
-71.719133,34.692817,2023-01-01T00:48:55
-71.830325,34.804012,2023-01-01T00:48:56
-71.830325,34.804012,2023-01-01T00:48:57
-71.941518,34.804012,2023-01-01T00:48:58
-71.941518,34.915207,2023-01-01T00:48:59
-72.052710,34.915207,2023-01-01T00:49:00
-72.052710,34.915207,2023-01-01T00:49:01
-72.163903,35.026402,2023-01-01T00:49:02
-72.163903,35.026402,2023-01-01T00:49:03
-72.275095,35.026402,2023-01-01T00:49:04
-72.275095,35.026402,2023-01-01T00:49:05
-72.275095,35.137597,2023-01-01T00:49:06
-72.386288,35.137597,2023-01-01T00:49:07
-72.386288,35.137597,2023-01-01T00:49:08
-72.497480,35.137597,2023-01-01T00:49:09
-72.497480,35.248792,2023-01-01T00:49:10
-72.608672,35.248792,2023-01-01T00:49:11
-72.608672,35.248792,2023-01-01T00:49:12
-72.719865,35.248792,2023-01-01T00:49:13
-72.719865,35.248792,2023-01-01T00:49:14
-72.831057,35.248792,2023-01-01T00:49:15
-72.942250,35.359987,2023-01-01T00:49:16
-72.942250,35.359987,2023-01-01T00:49:17
-73.053442,35.359987,2023-01-01T00:49:18
-73.053442,35.359987,2023-01-01T00:49:19
-73.164635,35.359987,2023-01-01T00:49:20
-73.164635,35.359987,2023-01-01T00:49:21
-73.275827,35.359987,2023-01-01T00:49:22
-73.275827,35.359987,2023-01-01T00:49:23
-73.387020,35.359987,2023-01-01T00:49:24
-73.387020,35.359987,2023-01-01T00:49:25
-73.498212,35.471182,2023-01-01T00:49:26
-73.498212,35.471182,2023-01-01T00:49:27
-73.609405,35.471182,2023-01-01T00:49:28
-73.609405,35.471182,2023-01-01T00:49:29
-73.720597,35.471182,2023-01-01T00:49:30
-73.720597,35.471182,2023-01-01T00:49:31
-73.831789,35.471182,2023-01-01T00:49:32
-73.831789,35.471182,2023-01-01T00:49:33
-73.942982,35.471182,2023-01-01T00:49:34
-73.942982,35.471182,2023-01-01T00:49:35
-74.054174,35.582377,2023-01-01T00:49:36
-74.054174,35.582377,2023-01-01T00:49:37
-74.054174,35.582377,2023-01-01T00:49:38
-74.165367,35.582377,2023-01-01T00:49:39
-74.165367,35.582377,2023-01-01T00:49:40
-74.276559,35.582377,2023-01-01T00:49:41
-74.276559,35.582377,2023-01-01T00:49:42
-74.387752,35.582377,2023-01-01T00:49:43
-74.387752,35.582377,2023-01-01T00:49:44
-74.387752,35.582377,2023-01-01T00:49:45
-74.498944,35.693571,2023-01-01T00:49:46
-74.498944,35.693571,2023-01-01T00:49:47
-74.610137,35.693571,2023-01-01T00:49:48
-74.610137,35.693571,2023-01-01T00:49:49
-74.721329,35.693571,2023-01-01T00:49:50
-74.721329,35.693571,2023-01-01T00:49:51
-74.721329,35.693571,2023-01-01T00:49:52
-74.832522,35.693571,2023-01-01T00:49:53
-74.832522,35.693571,2023-01-01T00:49:54
-74.943714,35.693571,2023-01-01T00:49:55
-74.943714,35.693571,2023-01-01T00:49:56
-74.943714,35.693571,2023-01-01T00:49:57
-75.054906,35.804766,2023-01-01T00:49:58
-75.054906,35.804766,2023-01-01T00:49:59
-75.166099,35.804766,2023-01-01T00:50:00
-75.166099,35.804766,2023-01-01T00:50:01
-75.166099,35.804766,2023-01-01T00:50:02
-75.277291,35.804766,2023-01-01T00:50:03
-75.277291,35.804766,2023-01-01T00:50:04
-75.277291,35.804766,2023-01-01T00:50:05
-75.388484,35.804766,2023-01-01T00:50:06
-75.388484,35.804766,2023-01-01T00:50:07
-75.499676,35.804766,2023-01-01T00:50:08
-75.499676,35.804766,2023-01-01T00:50:09
-75.499676,35.804766,2023-01-01T00:50:10
-75.610869,35.915961,2023-01-01T00:50:11
-75.610869,35.915961,2023-01-01T00:50:12
-75.610869,35.915961,2023-01-01T00:50:13
-75.722061,35.915961,2023-01-01T00:50:14
-75.722061,35.915961,2023-01-01T00:50:15
-75.722061,35.915961,2023-01-01T00:50:16
-75.833254,35.915961,2023-01-01T00:50:17
-75.833254,35.915961,2023-01-01T00:50:18
-75.833254,35.915961,2023-01-01T00:50:19
-75.944446,35.915961,2023-01-01T00:50:20
-75.944446,35.915961,2023-01-01T00:50:21
-75.944446,35.915961,2023-01-01T00:50:22
-76.055639,35.915961,2023-01-01T00:50:23
-76.055639,35.915961,2023-01-01T00:50:24
-76.055639,35.915961,2023-01-01T00:50:25
-76.166831,36.027156,2023-01-01T00:50:26
-76.166831,36.027156,2023-01-01T00:50:27
-76.166831,36.027156,2023-01-01T00:50:28
-76.278023,36.027156,2023-01-01T00:50:29
-76.278023,36.027156,2023-01-01T00:50:30
-76.278023,36.027156,2023-01-01T00:50:31
-76.389216,36.027156,2023-01-01T00:50:32
-76.389216,36.027156,2023-01-01T00:50:33
-76.389216,36.027156,2023-01-01T00:50:34
-76.500408,36.027156,2023-01-01T00:50:35
-76.500408,36.027156,2023-01-01T00:50:36
-76.500408,36.027156,2023-01-01T00:50:37
-76.500408,36.138351,2023-01-01T00:50:38
-76.611601,36.138351,2023-01-01T00:50:39
-76.611601,36.138351,2023-01-01T00:50:40
-76.611601,36.138351,2023-01-01T00:50:41
-76.722793,36.138351,2023-01-01T00:50:42
-76.722793,36.138351,2023-01-01T00:50:43
-76.722793,36.138351,2023-01-01T00:50:44
-76.722793,36.138351,2023-01-01T00:50:45
-76.833986,36.138351,2023-01-01T00:50:46
-76.833986,36.138351,2023-01-01T00:50:47
-76.833986,36.249546,2023-01-01T00:50:48
-76.945178,36.249546,2023-01-01T00:50:49
-76.945178,36.249546,2023-01-01T00:50:50
-76.945178,36.249546,2023-01-01T00:50:51
-77.056371,36.249546,2023-01-01T00:50:52
-77.056371,36.249546,2023-01-01T00:50:53
-77.056371,36.249546,2023-01-01T00:50:54
-77.056371,36.249546,2023-01-01T00:50:55
-77.167563,36.360741,2023-01-01T00:50:56
-77.167563,36.360741,2023-01-01T00:50:57
-77.167563,36.360741,2023-01-01T00:50:58
-77.167563,36.360741,2023-01-01T00:50:59
-77.278756,36.360741,2023-01-01T00:51:00
-77.278756,36.360741,2023-01-01T00:51:01
-77.278756,36.360741,2023-01-01T00:51:02
-77.278756,36.360741,2023-01-01T00:51:03
-77.389948,36.360741,2023-01-01T00:51:04
-77.389948,36.471936,2023-01-01T00:51:05
-77.389948,36.471936,2023-01-01T00:51:06
-77.389948,36.471936,2023-01-01T00:51:07
-77.501140,36.471936,2023-01-01T00:51:08
-77.501140,36.471936,2023-01-01T00:51:09
-77.501140,36.471936,2023-01-01T00:51:10
-77.501140,36.471936,2023-01-01T00:51:11
-77.612333,36.471936,2023-01-01T00:51:12
-77.612333,36.471936,2023-01-01T00:51:13
-77.612333,36.583131,2023-01-01T00:51:14
-77.612333,36.583131,2023-01-01T00:51:15
-77.723525,36.583131,2023-01-01T00:51:16
-77.723525,36.583131,2023-01-01T00:51:17
-77.723525,36.583131,2023-01-01T00:51:18
-77.723525,36.583131,2023-01-01T00:51:19
-77.834718,36.583131,2023-01-01T00:51:20
-77.834718,36.583131,2023-01-01T00:51:21
-77.834718,36.694326,2023-01-01T00:51:22
-77.834718,36.694326,2023-01-01T00:51:23
-77.945910,36.694326,2023-01-01T00:51:24
-77.945910,36.694326,2023-01-01T00:51:25
-77.945910,36.694326,2023-01-01T00:51:26
-77.945910,36.694326,2023-01-01T00:51:27
-77.945910,36.694326,2023-01-01T00:51:28
-78.057103,36.805521,2023-01-01T00:51:29
-78.057103,36.805521,2023-01-01T00:51:30
-78.057103,36.805521,2023-01-01T00:51:31
-78.057103,36.805521,2023-01-01T00:51:32
-78.168295,36.805521,2023-01-01T00:51:33
-78.168295,36.805521,2023-01-01T00:51:34
-78.168295,36.805521,2023-01-01T00:51:35
-78.168295,36.916716,2023-01-01T00:51:36
-78.279488,36.916716,2023-01-01T00:51:37
-78.279488,36.916716,2023-01-01T00:51:38
-78.279488,36.916716,2023-01-01T00:51:39
-78.279488,36.916716,2023-01-01T00:51:40
-78.390680,36.916716,2023-01-01T00:51:41
-78.390680,36.916716,2023-01-01T00:51:42
-78.390680,36.916716,2023-01-01T00:51:43
-78.390680,37.027911,2023-01-01T00:51:44
-78.501872,37.027911,2023-01-01T00:51:45
-78.501872,37.027911,2023-01-01T00:51:46
-78.501872,37.027911,2023-01-01T00:51:47
-78.501872,37.027911,2023-01-01T00:51:48
-78.613065,37.027911,2023-01-01T00:51:49
-78.613065,37.139105,2023-01-01T00:51:50
-78.613065,37.139105,2023-01-01T00:51:51
-78.613065,37.139105,2023-01-01T00:51:52
-78.724257,37.139105,2023-01-01T00:51:53
-78.724257,37.139105,2023-01-01T00:51:54
-78.724257,37.139105,2023-01-01T00:51:55
-78.724257,37.139105,2023-01-01T00:51:56
-78.724257,37.250300,2023-01-01T00:51:57
-78.835450,37.250300,2023-01-01T00:51:58
-78.835450,37.250300,2023-01-01T00:51:59
-78.835450,37.250300,2023-01-01T00:52:00
-78.835450,37.250300,2023-01-01T00:52:01
-78.946642,37.250300,2023-01-01T00:52:02
-78.946642,37.250300,2023-01-01T00:52:03
-78.946642,37.361495,2023-01-01T00:52:04
-78.946642,37.361495,2023-01-01T00:52:05
-79.057835,37.361495,2023-01-01T00:52:06
-79.057835,37.361495,2023-01-01T00:52:07
-79.057835,37.361495,2023-01-01T00:52:08
-79.057835,37.361495,2023-01-01T00:52:09
-79.057835,37.361495,2023-01-01T00:52:10
-79.169027,37.472690,2023-01-01T00:52:11
-79.169027,37.472690,2023-01-01T00:52:12
-79.169027,37.472690,2023-01-01T00:52:13
-79.169027,37.472690,2023-01-01T00:52:14
-79.280220,37.472690,2023-01-01T00:52:15
-79.280220,37.472690,2023-01-01T00:52:16
-79.280220,37.472690,2023-01-01T00:52:17
-79.280220,37.583885,2023-01-01T00:52:18
-79.280220,37.583885,2023-01-01T00:52:19
-79.391412,37.583885,2023-01-01T00:52:20
-79.391412,37.583885,2023-01-01T00:52:21
-79.391412,37.583885,2023-01-01T00:52:22
-79.391412,37.583885,2023-01-01T00:52:23
-79.502605,37.695080,2023-01-01T00:52:24
-79.502605,37.695080,2023-01-01T00:52:25
-79.502605,37.695080,2023-01-01T00:52:26
-79.502605,37.695080,2023-01-01T00:52:27
-79.613797,37.695080,2023-01-01T00:52:28
-79.613797,37.695080,2023-01-01T00:52:29
-79.613797,37.695080,2023-01-01T00:52:30
-79.613797,37.806275,2023-01-01T00:52:31
-79.724989,37.806275,2023-01-01T00:52:32
-79.724989,37.806275,2023-01-01T00:52:33
-79.724989,37.806275,2023-01-01T00:52:34
-79.724989,37.806275,2023-01-01T00:52:35
-79.724989,37.806275,2023-01-01T00:52:36
-79.836182,37.917470,2023-01-01T00:52:37
-79.836182,37.917470,2023-01-01T00:52:38
-79.836182,37.917470,2023-01-01T00:52:39
-79.836182,37.917470,2023-01-01T00:52:40
-79.947374,37.917470,2023-01-01T00:52:41
-79.947374,37.917470,2023-01-01T00:52:42
-79.947374,38.028665,2023-01-01T00:52:43
-79.947374,38.028665,2023-01-01T00:52:44
-79.947374,38.028665,2023-01-01T00:52:45
-80.058567,38.028665,2023-01-01T00:52:46
-80.058567,38.028665,2023-01-01T00:52:47
-80.058567,38.028665,2023-01-01T00:52:48
-80.058567,38.139860,2023-01-01T00:52:49
-80.058567,38.139860,2023-01-01T00:52:50
-80.169759,38.139860,2023-01-01T00:52:51
-80.169759,38.139860,2023-01-01T00:52:52
-80.169759,38.139860,2023-01-01T00:52:53
-80.169759,38.139860,2023-01-01T00:52:54
-80.280952,38.251055,2023-01-01T00:52:55
-80.280952,38.251055,2023-01-01T00:52:56
-80.280952,38.251055,2023-01-01T00:52:57
-80.280952,38.251055,2023-01-01T00:52:58
-80.280952,38.251055,2023-01-01T00:52:59
-80.392144,38.251055,2023-01-01T00:53:00
-80.392144,38.362250,2023-01-01T00:53:01
-80.392144,38.362250,2023-01-01T00:53:02
-80.392144,38.362250,2023-01-01T00:53:03
-80.503337,38.362250,2023-01-01T00:53:04
-80.503337,38.362250,2023-01-01T00:53:05
-80.503337,38.362250,2023-01-01T00:53:06
-80.503337,38.473445,2023-01-01T00:53:07
-80.503337,38.473445,2023-01-01T00:53:08
-80.614529,38.473445,2023-01-01T00:53:09
-80.614529,38.473445,2023-01-01T00:53:10
-80.614529,38.473445,2023-01-01T00:53:11
-80.614529,38.473445,2023-01-01T00:53:12
-80.614529,38.584640,2023-01-01T00:53:13
-80.725722,38.584640,2023-01-01T00:53:14
-80.725722,38.584640,2023-01-01T00:53:15
-80.725722,38.584640,2023-01-01T00:53:16
-80.725722,38.584640,2023-01-01T00:53:17
-80.836914,38.584640,2023-01-01T00:53:18
-80.836914,38.695834,2023-01-01T00:53:19
-80.836914,38.695834,2023-01-01T00:53:20
-80.836914,38.695834,2023-01-01T00:53:21
-80.836914,38.695834,2023-01-01T00:53:22
-80.948106,38.695834,2023-01-01T00:53:23
-80.948106,38.695834,2023-01-01T00:53:24
-80.948106,38.807029,2023-01-01T00:53:25
-80.948106,38.807029,2023-01-01T00:53:26
-81.059299,38.807029,2023-01-01T00:53:27
-81.059299,38.807029,2023-01-01T00:53:28
-81.059299,38.807029,2023-01-01T00:53:29
-81.059299,38.807029,2023-01-01T00:53:30
-81.170491,38.918224,2023-01-01T00:53:31
-81.170491,38.918224,2023-01-01T00:53:32
-81.170491,38.918224,2023-01-01T00:53:33
-81.170491,38.918224,2023-01-01T00:53:34
-81.281684,38.918224,2023-01-01T00:53:35
-81.281684,38.918224,2023-01-01T00:53:36
-81.281684,39.029419,2023-01-01T00:53:37
-81.281684,39.029419,2023-01-01T00:53:38
-81.392876,39.029419,2023-01-01T00:53:39
-81.392876,39.029419,2023-01-01T00:53:40
-81.392876,39.029419,2023-01-01T00:53:41
-81.392876,39.029419,2023-01-01T00:53:42
-81.392876,39.140614,2023-01-01T00:53:43
-81.504069,39.140614,2023-01-01T00:53:44
-81.504069,39.140614,2023-01-01T00:53:45
-81.504069,39.140614,2023-01-01T00:53:46
-81.504069,39.140614,2023-01-01T00:53:47
-81.615261,39.140614,2023-01-01T00:53:48
-81.615261,39.251809,2023-01-01T00:53:49
-81.615261,39.251809,2023-01-01T00:53:50
-81.615261,39.251809,2023-01-01T00:53:51
-81.615261,39.251809,2023-01-01T00:53:52
-81.726454,39.251809,2023-01-01T00:53:53
-81.726454,39.251809,2023-01-01T00:53:54
-81.726454,39.363004,2023-01-01T00:53:55
-81.726454,39.363004,2023-01-01T00:53:56
-81.837646,39.363004,2023-01-01T00:53:57
-81.837646,39.363004,2023-01-01T00:53:58
-81.837646,39.363004,2023-01-01T00:53:59
-81.837646,39.363004,2023-01-01T00:54:00
-81.837646,39.474199,2023-01-01T00:54:01
-81.948839,39.474199,2023-01-01T00:54:02
-81.948839,39.474199,2023-01-01T00:54:03
-81.948839,39.474199,2023-01-01T00:54:04
-81.948839,39.474199,2023-01-01T00:54:05
-82.060031,39.474199,2023-01-01T00:54:06
-82.060031,39.474199,2023-01-01T00:54:07
-82.060031,39.585394,2023-01-01T00:54:08
-82.060031,39.585394,2023-01-01T00:54:09
-82.060031,39.585394,2023-01-01T00:54:10
-82.171223,39.585394,2023-01-01T00:54:11
-82.171223,39.585394,2023-01-01T00:54:12
-82.171223,39.585394,2023-01-01T00:54:13
-82.171223,39.696589,2023-01-01T00:54:14
-82.171223,39.696589,2023-01-01T00:54:15
-82.282416,39.696589,2023-01-01T00:54:16
-82.282416,39.696589,2023-01-01T00:54:17
-82.282416,39.696589,2023-01-01T00:54:18
-82.282416,39.696589,2023-01-01T00:54:19
-82.393608,39.696589,2023-01-01T00:54:20
-82.393608,39.807784,2023-01-01T00:54:21
-82.393608,39.807784,2023-01-01T00:54:22
-82.393608,39.807784,2023-01-01T00:54:23
-82.393608,39.807784,2023-01-01T00:54:24
-82.504801,39.807784,2023-01-01T00:54:25
-82.504801,39.807784,2023-01-01T00:54:26
-82.504801,39.918979,2023-01-01T00:54:27
-82.504801,39.918979,2023-01-01T00:54:28
-82.504801,39.918979,2023-01-01T00:54:29
-82.615993,39.918979,2023-01-01T00:54:30
-82.615993,39.918979,2023-01-01T00:54:31
-82.615993,39.918979,2023-01-01T00:54:32
-82.615993,39.918979,2023-01-01T00:54:33
-82.615993,40.030174,2023-01-01T00:54:34
-82.727186,40.030174,2023-01-01T00:54:35
-82.727186,40.030174,2023-01-01T00:54:36
-82.727186,40.030174,2023-01-01T00:54:37
-82.727186,40.030174,2023-01-01T00:54:38
-82.838378,40.030174,2023-01-01T00:54:39
-82.838378,40.141369,2023-01-01T00:54:40
-82.838378,40.141369,2023-01-01T00:54:41
-82.838378,40.141369,2023-01-01T00:54:42
-82.838378,40.141369,2023-01-01T00:54:43
-82.949571,40.141369,2023-01-01T00:54:44
-82.949571,40.141369,2023-01-01T00:54:45
-82.949571,40.141369,2023-01-01T00:54:46
-82.949571,40.252563,2023-01-01T00:54:47
-82.949571,40.252563,2023-01-01T00:54:48
-83.060763,40.252563,2023-01-01T00:54:49
-83.060763,40.252563,2023-01-01T00:54:50
-83.060763,40.252563,2023-01-01T00:54:51
-83.060763,40.252563,2023-01-01T00:54:52
-83.171956,40.363758,2023-01-01T00:54:53
-83.171956,40.363758,2023-01-01T00:54:54
-83.171956,40.363758,2023-01-01T00:54:55
-83.171956,40.363758,2023-01-01T00:54:56
-83.171956,40.363758,2023-01-01T00:54:57
-83.283148,40.363758,2023-01-01T00:54:58
-83.283148,40.474953,2023-01-01T00:54:59
-83.283148,40.474953,2023-01-01T00:55:00
-83.283148,40.474953,2023-01-01T00:55:01
-83.283148,40.474953,2023-01-01T00:55:02
-83.283148,40.474953,2023-01-01T00:55:03
-83.394340,40.474953,2023-01-01T00:55:04
-83.394340,40.586148,2023-01-01T00:55:05
-83.394340,40.586148,2023-01-01T00:55:06
-83.394340,40.586148,2023-01-01T00:55:07
-83.505533,40.586148,2023-01-01T00:55:08
-83.505533,40.586148,2023-01-01T00:55:09
-83.505533,40.586148,2023-01-01T00:55:10
-83.505533,40.697343,2023-01-01T00:55:11
-83.505533,40.697343,2023-01-01T00:55:12
-83.616725,40.697343,2023-01-01T00:55:13
-83.616725,40.697343,2023-01-01T00:55:14
-83.616725,40.697343,2023-01-01T00:55:15
-83.616725,40.808538,2023-01-01T00:55:16
-83.616725,40.808538,2023-01-01T00:55:17
-83.727918,40.808538,2023-01-01T00:55:18
-83.727918,40.808538,2023-01-01T00:55:19
-83.727918,40.808538,2023-01-01T00:55:20
-83.727918,40.808538,2023-01-01T00:55:21
-83.727918,40.919733,2023-01-01T00:55:22
-83.839110,40.919733,2023-01-01T00:55:23
-83.839110,40.919733,2023-01-01T00:55:24
-83.839110,40.919733,2023-01-01T00:55:25
-83.839110,40.919733,2023-01-01T00:55:26
-83.839110,41.030928,2023-01-01T00:55:27
-83.950303,41.030928,2023-01-01T00:55:28
-83.950303,41.030928,2023-01-01T00:55:29
-83.950303,41.030928,2023-01-01T00:55:30
-83.950303,41.030928,2023-01-01T00:55:31
-83.950303,41.030928,2023-01-01T00:55:32
-84.061495,41.142123,2023-01-01T00:55:33
-84.061495,41.142123,2023-01-01T00:55:34
-84.061495,41.142123,2023-01-01T00:55:35
-84.061495,41.142123,2023-01-01T00:55:36
-84.061495,41.142123,2023-01-01T00:55:37
-84.061495,41.253318,2023-01-01T00:55:38
-84.172688,41.253318,2023-01-01T00:55:39
-84.172688,41.253318,2023-01-01T00:55:40
-84.172688,41.253318,2023-01-01T00:55:41
-84.172688,41.253318,2023-01-01T00:55:42
-84.172688,41.364513,2023-01-01T00:55:43
-84.283880,41.364513,2023-01-01T00:55:44
-84.283880,41.364513,2023-01-01T00:55:45
-84.283880,41.364513,2023-01-01T00:55:46
-84.283880,41.364513,2023-01-01T00:55:47
-84.283880,41.475708,2023-01-01T00:55:48
-84.395073,41.475708,2023-01-01T00:55:49
-84.395073,41.475708,2023-01-01T00:55:50
-84.395073,41.475708,2023-01-01T00:55:51
-84.395073,41.475708,2023-01-01T00:55:52
-84.395073,41.586903,2023-01-01T00:55:53
-84.506265,41.586903,2023-01-01T00:55:54
-84.506265,41.586903,2023-01-01T00:55:55
-84.506265,41.586903,2023-01-01T00:55:56
-84.506265,41.586903,2023-01-01T00:55:57
-84.506265,41.698097,2023-01-01T00:55:58
-84.506265,41.698097,2023-01-01T00:55:59
-84.617457,41.698097,2023-01-01T00:56:00
-84.617457,41.698097,2023-01-01T00:56:01
-84.617457,41.698097,2023-01-01T00:56:02
-84.617457,41.809292,2023-01-01T00:56:03
-84.617457,41.809292,2023-01-01T00:56:04
-84.728650,41.809292,2023-01-01T00:56:05
-84.728650,41.809292,2023-01-01T00:56:06
-84.728650,41.809292,2023-01-01T00:56:07
-84.728650,41.809292,2023-01-01T00:56:08
-84.728650,41.920487,2023-01-01T00:56:09
-84.728650,41.920487,2023-01-01T00:56:10
-84.839842,41.920487,2023-01-01T00:56:11
-84.839842,41.920487,2023-01-01T00:56:12
-84.839842,41.920487,2023-01-01T00:56:13
-84.839842,41.920487,2023-01-01T00:56:14
-84.839842,42.031682,2023-01-01T00:56:15
-84.951035,42.031682,2023-01-01T00:56:16
-84.951035,42.031682,2023-01-01T00:56:17
-84.951035,42.031682,2023-01-01T00:56:18
-84.951035,42.031682,2023-01-01T00:56:19
-84.951035,42.031682,2023-01-01T00:56:20
-85.062227,42.142877,2023-01-01T00:56:21
-85.062227,42.142877,2023-01-01T00:56:22
-85.062227,42.142877,2023-01-01T00:56:23
-85.062227,42.142877,2023-01-01T00:56:24
-85.062227,42.142877,2023-01-01T00:56:25
-85.173420,42.142877,2023-01-01T00:56:26
-85.173420,42.254072,2023-01-01T00:56:27
-85.173420,42.254072,2023-01-01T00:56:28
-85.173420,42.254072,2023-01-01T00:56:29
-85.173420,42.254072,2023-01-01T00:56:30
-85.284612,42.254072,2023-01-01T00:56:31
-85.284612,42.254072,2023-01-01T00:56:32
-85.284612,42.254072,2023-01-01T00:56:33
-85.284612,42.365267,2023-01-01T00:56:34
-85.284612,42.365267,2023-01-01T00:56:35
-85.395805,42.365267,2023-01-01T00:56:36
-85.395805,42.365267,2023-01-01T00:56:37
-85.395805,42.365267,2023-01-01T00:56:38
-85.395805,42.365267,2023-01-01T00:56:39
-85.395805,42.365267,2023-01-01T00:56:40
-85.506997,42.476462,2023-01-01T00:56:41
-85.506997,42.476462,2023-01-01T00:56:42
-85.506997,42.476462,2023-01-01T00:56:43
-85.506997,42.476462,2023-01-01T00:56:44
-85.506997,42.476462,2023-01-01T00:56:45
-85.506997,42.476462,2023-01-01T00:56:46
-85.618190,42.587657,2023-01-01T00:56:47
-85.618190,42.587657,2023-01-01T00:56:48
-85.618190,42.587657,2023-01-01T00:56:49
-85.618190,42.587657,2023-01-01T00:56:50
-85.618190,42.587657,2023-01-01T00:56:51
-85.729382,42.587657,2023-01-01T00:56:52
-85.729382,42.587657,2023-01-01T00:56:53
-85.729382,42.698852,2023-01-01T00:56:54
-85.729382,42.698852,2023-01-01T00:56:55
-85.729382,42.698852,2023-01-01T00:56:56
-85.840574,42.698852,2023-01-01T00:56:57
-85.840574,42.698852,2023-01-01T00:56:58
-85.840574,42.698852,2023-01-01T00:56:59
-85.840574,42.698852,2023-01-01T00:57:00
-85.840574,42.810047,2023-01-01T00:57:01
-85.840574,42.810047,2023-01-01T00:57:02
-85.951767,42.810047,2023-01-01T00:57:03
-85.951767,42.810047,2023-01-01T00:57:04
-85.951767,42.810047,2023-01-01T00:57:05
-85.951767,42.810047,2023-01-01T00:57:06
-85.951767,42.921242,2023-01-01T00:57:07
-85.951767,42.921242,2023-01-01T00:57:08
-86.062959,42.921242,2023-01-01T00:57:09
-86.062959,42.921242,2023-01-01T00:57:10
-86.062959,42.921242,2023-01-01T00:57:11
-86.062959,42.921242,2023-01-01T00:57:12
-86.062959,42.921242,2023-01-01T00:57:13
-86.174152,42.921242,2023-01-01T00:57:14
-86.174152,43.032437,2023-01-01T00:57:15
-86.174152,43.032437,2023-01-01T00:57:16
-86.174152,43.032437,2023-01-01T00:57:17
-86.174152,43.032437,2023-01-01T00:57:18
-86.174152,43.032437,2023-01-01T00:57:19
-86.285344,43.032437,2023-01-01T00:57:20
-86.285344,43.032437,2023-01-01T00:57:21
-86.285344,43.143632,2023-01-01T00:57:22
-86.285344,43.143632,2023-01-01T00:57:23
-86.285344,43.143632,2023-01-01T00:57:24
-86.396537,43.143632,2023-01-01T00:57:25
-86.396537,43.143632,2023-01-01T00:57:26
-86.396537,43.143632,2023-01-01T00:57:27
-86.396537,43.143632,2023-01-01T00:57:28
-86.396537,43.143632,2023-01-01T00:57:29
-86.507729,43.254826,2023-01-01T00:57:30
-86.507729,43.254826,2023-01-01T00:57:31
-86.507729,43.254826,2023-01-01T00:57:32
-86.507729,43.254826,2023-01-01T00:57:33
-86.507729,43.254826,2023-01-01T00:57:34
-86.507729,43.254826,2023-01-01T00:57:35
-86.618922,43.254826,2023-01-01T00:57:36
-86.618922,43.366021,2023-01-01T00:57:37
-86.618922,43.366021,2023-01-01T00:57:38
-86.618922,43.366021,2023-01-01T00:57:39
-86.618922,43.366021,2023-01-01T00:57:40
-86.730114,43.366021,2023-01-01T00:57:41
-86.730114,43.366021,2023-01-01T00:57:42
-86.730114,43.477216,2023-01-01T00:57:43
-86.730114,43.477216,2023-01-01T00:57:44
-86.730114,43.477216,2023-01-01T00:57:45
-86.730114,43.477216,2023-01-01T00:57:46
-86.841307,43.477216,2023-01-01T00:57:47
-86.841307,43.477216,2023-01-01T00:57:48
-86.841307,43.588411,2023-01-01T00:57:49
-86.841307,43.588411,2023-01-01T00:57:50
-86.841307,43.588411,2023-01-01T00:57:51
-86.841307,43.588411,2023-01-01T00:57:52
-86.952499,43.588411,2023-01-01T00:57:53
-86.952499,43.588411,2023-01-01T00:57:54
-86.952499,43.588411,2023-01-01T00:57:55
-86.952499,43.699606,2023-01-01T00:57:56
-86.952499,43.699606,2023-01-01T00:57:57
-86.952499,43.699606,2023-01-01T00:57:58
-87.063691,43.699606,2023-01-01T00:57:59
-87.063691,43.699606,2023-01-01T00:58:00
-87.063691,43.810801,2023-01-01T00:58:01
-87.063691,43.810801,2023-01-01T00:58:02
-87.063691,43.810801,2023-01-01T00:58:03
-87.174884,43.810801,2023-01-01T00:58:04
-87.174884,43.810801,2023-01-01T00:58:05
-87.174884,43.810801,2023-01-01T00:58:06
-87.174884,43.921996,2023-01-01T00:58:07
-87.174884,43.921996,2023-01-01T00:58:08
-87.174884,43.921996,2023-01-01T00:58:09
-87.286076,43.921996,2023-01-01T00:58:10
-87.286076,43.921996,2023-01-01T00:58:11
-87.286076,43.921996,2023-01-01T00:58:12
-87.286076,44.033191,2023-01-01T00:58:13
-87.286076,44.033191,2023-01-01T00:58:14
-87.286076,44.033191,2023-01-01T00:58:15
-87.397269,44.033191,2023-01-01T00:58:16
-87.397269,44.033191,2023-01-01T00:58:17
-87.397269,44.033191,2023-01-01T00:58:18
-87.397269,44.144386,2023-01-01T00:58:19
-87.397269,44.144386,2023-01-01T00:58:20
-87.397269,44.144386,2023-01-01T00:58:21
-87.508461,44.144386,2023-01-01T00:58:22
-87.508461,44.144386,2023-01-01T00:58:23
-87.508461,44.255581,2023-01-01T00:58:24
-87.508461,44.255581,2023-01-01T00:58:25
-87.508461,44.255581,2023-01-01T00:58:26
-87.508461,44.255581,2023-01-01T00:58:27
-87.619654,44.255581,2023-01-01T00:58:28
-87.619654,44.255581,2023-01-01T00:58:29
-87.619654,44.255581,2023-01-01T00:58:30
-87.619654,44.366776,2023-01-01T00:58:31
-87.619654,44.366776,2023-01-01T00:58:32
-87.619654,44.366776,2023-01-01T00:58:33
-87.619654,44.366776,2023-01-01T00:58:34
-87.619654,44.366776,2023-01-01T00:58:35
-87.730846,44.366776,2023-01-01T00:58:36
-87.730846,44.477971,2023-01-01T00:58:37
-87.730846,44.477971,2023-01-01T00:58:38
-87.730846,44.477971,2023-01-01T00:58:39
-87.730846,44.477971,2023-01-01T00:58:40
-87.730846,44.477971,2023-01-01T00:58:41
-87.842039,44.477971,2023-01-01T00:58:42
-87.842039,44.589166,2023-01-01T00:58:43
-87.842039,44.589166,2023-01-01T00:58:44
-87.842039,44.589166,2023-01-01T00:58:45
-87.842039,44.589166,2023-01-01T00:58:46
-87.842039,44.589166,2023-01-01T00:58:47
-87.842039,44.589166,2023-01-01T00:58:48
-87.842039,44.700361,2023-01-01T00:58:49
-87.953231,44.700361,2023-01-01T00:58:50
-87.953231,44.700361,2023-01-01T00:58:51
-87.953231,44.700361,2023-01-01T00:58:52
-87.953231,44.700361,2023-01-01T00:58:53
-87.953231,44.700361,2023-01-01T00:58:54
-87.953231,44.811555,2023-01-01T00:58:55
-87.953231,44.811555,2023-01-01T00:58:56
-87.953231,44.811555,2023-01-01T00:58:57
-87.953231,44.811555,2023-01-01T00:58:58
-87.953231,44.811555,2023-01-01T00:58:59
-88.064424,44.811555,2023-01-01T00:59:00
-88.064424,44.811555,2023-01-01T00:59:01
-88.064424,44.922750,2023-01-01T00:59:02
-88.064424,44.922750,2023-01-01T00:59:03
-88.064424,44.922750,2023-01-01T00:59:04
-88.064424,44.922750,2023-01-01T00:59:05
-88.064424,44.922750,2023-01-01T00:59:06
-88.064424,44.922750,2023-01-01T00:59:07
-88.064424,44.922750,2023-01-01T00:59:08
-88.064424,44.922750,2023-01-01T00:59:09
-88.064424,44.922750,2023-01-01T00:59:10
-87.953231,44.922750,2023-01-01T00:59:11
-87.953231,44.922750,2023-01-01T00:59:12
-87.953231,44.922750,2023-01-01T00:59:13
-87.953231,44.922750,2023-01-01T00:59:14
-87.953231,44.922750,2023-01-01T00:59:15
-87.953231,44.922750,2023-01-01T00:59:16
-87.953231,44.922750,2023-01-01T00:59:17
-87.953231,44.922750,2023-01-01T00:59:18
-87.953231,44.922750,2023-01-01T00:59:19
-87.953231,44.922750,2023-01-01T00:59:20
-87.842039,44.922750,2023-01-01T00:59:21
-87.842039,44.922750,2023-01-01T00:59:22
-87.842039,44.922750,2023-01-01T00:59:23
-87.842039,44.811555,2023-01-01T00:59:24
-87.730846,44.811555,2023-01-01T00:59:25
-87.730846,44.811555,2023-01-01T00:59:26
-87.730846,44.811555,2023-01-01T00:59:27
-87.619654,44.811555,2023-01-01T00:59:28
-87.619654,44.700361,2023-01-01T00:59:29
-87.619654,44.700361,2023-01-01T00:59:30
-87.508461,44.700361,2023-01-01T00:59:31
-87.508461,44.700361,2023-01-01T00:59:32
-87.397269,44.589166,2023-01-01T00:59:33
-87.286076,44.589166,2023-01-01T00:59:34
-87.286076,44.589166,2023-01-01T00:59:35
-87.174884,44.477971,2023-01-01T00:59:36
-87.174884,44.477971,2023-01-01T00:59:37
-87.063691,44.477971,2023-01-01T00:59:38
-86.952499,44.366776,2023-01-01T00:59:39
-86.952499,44.366776,2023-01-01T00:59:40
-86.952499,44.255581,2023-01-01T00:59:41
-86.841307,44.255581,2023-01-01T00:59:42
-86.841307,44.144386,2023-01-01T00:59:43
-86.841307,44.033191,2023-01-01T00:59:44
-86.730114,43.921996,2023-01-01T00:59:45
-86.730114,43.921996,2023-01-01T00:59:46
-86.618922,43.810801,2023-01-01T00:59:47
-86.618922,43.699606,2023-01-01T00:59:48
-86.507729,43.588411,2023-01-01T00:59:49
-86.507729,43.588411,2023-01-01T00:59:50
-86.396537,43.477216,2023-01-01T00:59:51
-86.285344,43.366021,2023-01-01T00:59:52
-86.285344,43.254826,2023-01-01T00:59:53
-86.174152,43.143632,2023-01-01T00:59:54
-86.062959,43.032437,2023-01-01T00:59:55
-85.951767,43.032437,2023-01-01T00:59:56
-85.951767,42.921242,2023-01-01T00:59:57
-85.840574,42.810047,2023-01-01T00:59:58
-85.729382,42.698852,2023-01-01T00:59:59
-85.618190,42.587657,2023-01-01T01:00:00
-85.506997,42.476462,2023-01-01T01:00:01
-85.395805,42.365267,2023-01-01T01:00:02
-85.284612,42.254072,2023-01-01T01:00:03
-85.173420,42.142877,2023-01-01T01:00:04
-85.062227,42.031682,2023-01-01T01:00:05
-84.951035,42.031682,2023-01-01T01:00:06
-84.839842,41.920487,2023-01-01T01:00:07
-84.728650,41.809292,2023-01-01T01:00:08
-84.506265,41.698097,2023-01-01T01:00:09
-84.395073,41.586903,2023-01-01T01:00:10
-84.395073,41.586903,2023-01-01T01:00:11
-84.395073,41.475708,2023-01-01T01:00:12
-84.395073,41.475708,2023-01-01T01:00:13
-84.395073,41.475708,2023-01-01T01:00:14
-84.283880,41.475708,2023-01-01T01:00:15
-84.283880,41.475708,2023-01-01T01:00:16
-84.283880,41.364513,2023-01-01T01:00:17
-84.283880,41.364513,2023-01-01T01:00:18
-84.172688,41.364513,2023-01-01T01:00:19
-84.172688,41.364513,2023-01-01T01:00:20
-84.172688,41.253318,2023-01-01T01:00:21
-84.061495,41.253318,2023-01-01T01:00:22
-84.061495,41.253318,2023-01-01T01:00:23
-84.061495,41.253318,2023-01-01T01:00:24
-83.950303,41.142123,2023-01-01T01:00:25
-83.950303,41.142123,2023-01-01T01:00:26
-83.950303,41.142123,2023-01-01T01:00:27
-83.839110,41.142123,2023-01-01T01:00:28
-83.839110,41.142123,2023-01-01T01:00:29
-83.839110,41.030928,2023-01-01T01:00:30
-83.727918,41.030928,2023-01-01T01:00:31
-83.727918,41.030928,2023-01-01T01:00:32
-83.727918,41.030928,2023-01-01T01:00:33
-83.616725,41.030928,2023-01-01T01:00:34
-83.616725,40.919733,2023-01-01T01:00:35
-83.505533,40.919733,2023-01-01T01:00:36
-83.505533,40.919733,2023-01-01T01:00:37
-83.505533,40.919733,2023-01-01T01:00:38
-83.394340,40.919733,2023-01-01T01:00:39
-83.394340,40.808538,2023-01-01T01:00:40
-83.505533,40.919733,2023-01-01T01:00:41
-83.616725,41.030928,2023-01-01T01:00:42
-83.727918,41.142123,2023-01-01T01:00:43
-83.727918,41.253318,2023-01-01T01:00:44
-83.839110,41.253318,2023-01-01T01:00:45
-83.950303,41.364513,2023-01-01T01:00:46
-84.061495,41.475708,2023-01-01T01:00:47
-84.172688,41.475708,2023-01-01T01:00:48
-84.172688,41.586903,2023-01-01T01:00:49
-84.283880,41.698097,2023-01-01T01:00:50
-84.395073,41.809292,2023-01-01T01:00:51
-84.506265,41.809292,2023-01-01T01:00:52
-84.506265,41.920487,2023-01-01T01:00:53
-84.617457,42.031682,2023-01-01T01:00:54
-84.728650,42.031682,2023-01-01T01:00:55
-84.728650,42.142877,2023-01-01T01:00:56
-84.839842,42.254072,2023-01-01T01:00:57
-84.951035,42.254072,2023-01-01T01:00:58
-84.951035,42.365267,2023-01-01T01:00:59
-85.062227,42.365267,2023-01-01T01:01:00
-85.173420,42.476462,2023-01-01T01:01:01
-85.173420,42.587657,2023-01-01T01:01:02
-85.284612,42.587657,2023-01-01T01:01:03
-85.395805,42.698852,2023-01-01T01:01:04
-85.395805,42.698852,2023-01-01T01:01:05
-85.506997,42.810047,2023-01-01T01:01:06
-85.618190,42.921242,2023-01-01T01:01:07
-85.618190,42.921242,2023-01-01T01:01:08
-85.729382,43.032437,2023-01-01T01:01:09
-85.729382,43.032437,2023-01-01T01:01:10
-85.951767,43.143632,2023-01-01T01:01:11
-86.062959,43.366021,2023-01-01T01:01:12
-86.174152,43.477216,2023-01-01T01:01:13
-86.396537,43.588411,2023-01-01T01:01:14
-86.507729,43.699606,2023-01-01T01:01:15
-86.618922,43.810801,2023-01-01T01:01:16
-86.730114,43.921996,2023-01-01T01:01:17
-86.952499,44.033191,2023-01-01T01:01:18
-87.063691,44.144386,2023-01-01T01:01:19
-87.174884,44.255581,2023-01-01T01:01:20
-87.286076,44.366776,2023-01-01T01:01:21
-87.397269,44.477971,2023-01-01T01:01:22
-87.619654,44.589166,2023-01-01T01:01:23
-87.730846,44.700361,2023-01-01T01:01:24
-87.842039,44.811555,2023-01-01T01:01:25
-87.953231,44.922750,2023-01-01T01:01:26
-88.064424,45.033945,2023-01-01T01:01:27
-88.175616,45.145140,2023-01-01T01:01:28
-88.286808,45.256335,2023-01-01T01:01:29
-88.398001,45.256335,2023-01-01T01:01:30
-88.509193,45.367530,2023-01-01T01:01:31
-88.620386,45.478725,2023-01-01T01:01:32
-88.731578,45.589920,2023-01-01T01:01:33
-88.842771,45.701115,2023-01-01T01:01:34
-88.953963,45.701115,2023-01-01T01:01:35
-89.065156,45.812310,2023-01-01T01:01:36
-89.176348,45.923505,2023-01-01T01:01:37
-89.287541,46.034700,2023-01-01T01:01:38
-89.398733,46.034700,2023-01-01T01:01:39
-89.509925,46.145895,2023-01-01T01:01:40
-89.621118,46.257089,2023-01-01T01:01:41
-89.732310,46.368284,2023-01-01T01:01:42
-89.843503,46.368284,2023-01-01T01:01:43
-89.954695,46.479479,2023-01-01T01:01:44
-90.065888,46.590674,2023-01-01T01:01:45
-90.177080,46.701869,2023-01-01T01:01:46
-90.288273,46.701869,2023-01-01T01:01:47
-90.399465,46.813064,2023-01-01T01:01:48
-90.510658,46.924259,2023-01-01T01:01:49
-90.621850,46.924259,2023-01-01T01:01:50
-90.733042,47.035454,2023-01-01T01:01:51
-90.844235,47.146649,2023-01-01T01:01:52
-90.955427,47.146649,2023-01-01T01:01:53
-90.955427,47.257844,2023-01-01T01:01:54
-91.066620,47.369039,2023-01-01T01:01:55
-91.177812,47.369039,2023-01-01T01:01:56
-91.289005,47.480234,2023-01-01T01:01:57
-91.400197,47.480234,2023-01-01T01:01:58
-91.511390,47.591429,2023-01-01T01:01:59
-91.511390,47.702624,2023-01-01T01:02:00
-91.622582,47.702624,2023-01-01T01:02:01
-91.733775,47.813818,2023-01-01T01:02:02
-91.844967,47.813818,2023-01-01T01:02:03
-91.956159,47.925013,2023-01-01T01:02:04
-91.956159,47.925013,2023-01-01T01:02:05
-92.067352,48.036208,2023-01-01T01:02:06
-92.178544,48.036208,2023-01-01T01:02:07
-92.178544,48.147403,2023-01-01T01:02:08
-92.289737,48.147403,2023-01-01T01:02:09
-92.400929,48.258598,2023-01-01T01:02:10
-92.400929,48.258598,2023-01-01T01:02:11
-92.512122,48.369793,2023-01-01T01:02:12
-92.623314,48.369793,2023-01-01T01:02:13
-92.623314,48.480988,2023-01-01T01:02:14
-92.734507,48.480988,2023-01-01T01:02:15
-92.845699,48.592183,2023-01-01T01:02:16
-92.845699,48.592183,2023-01-01T01:02:17
-92.956892,48.703378,2023-01-01T01:02:18
-92.956892,48.703378,2023-01-01T01:02:19
-93.068084,48.814573,2023-01-01T01:02:20
-93.179276,48.814573,2023-01-01T01:02:21
-93.179276,48.814573,2023-01-01T01:02:22
-93.290469,48.925768,2023-01-01T01:02:23
-93.290469,48.925768,2023-01-01T01:02:24
-93.401661,49.036963,2023-01-01T01:02:25
-93.401661,49.036963,2023-01-01T01:02:26
-93.512854,49.036963,2023-01-01T01:02:27
-93.512854,49.148158,2023-01-01T01:02:28
-93.624046,49.148158,2023-01-01T01:02:29
-93.624046,49.259353,2023-01-01T01:02:30
-93.735239,49.259353,2023-01-01T01:02:31
-93.735239,49.259353,2023-01-01T01:02:32
-93.846431,49.370547,2023-01-01T01:02:33
-93.846431,49.370547,2023-01-01T01:02:34
-93.957624,49.370547,2023-01-01T01:02:35
-93.957624,49.481742,2023-01-01T01:02:36
-94.068816,49.481742,2023-01-01T01:02:37
-94.068816,49.592937,2023-01-01T01:02:38
-94.180009,49.592937,2023-01-01T01:02:39
-94.180009,49.592937,2023-01-01T01:02:40
-94.180009,49.704132,2023-01-01T01:02:41
-94.291201,49.704132,2023-01-01T01:02:42
-94.291201,49.704132,2023-01-01T01:02:43
-94.402393,49.815327,2023-01-01T01:02:44
-94.402393,49.815327,2023-01-01T01:02:45
-94.513586,49.815327,2023-01-01T01:02:46
-94.513586,49.926522,2023-01-01T01:02:47
-94.513586,49.926522,2023-01-01T01:02:48
-94.624778,49.926522,2023-01-01T01:02:49
-94.624778,49.926522,2023-01-01T01:02:50
-94.735971,50.037717,2023-01-01T01:02:51
-94.735971,50.037717,2023-01-01T01:02:52
-94.735971,50.037717,2023-01-01T01:02:53
-94.847163,50.148912,2023-01-01T01:02:54
-94.847163,50.148912,2023-01-01T01:02:55
-94.847163,50.148912,2023-01-01T01:02:56
-94.958356,50.260107,2023-01-01T01:02:57
-94.958356,50.260107,2023-01-01T01:02:58
-94.958356,50.260107,2023-01-01T01:02:59
-95.069548,50.260107,2023-01-01T01:03:00
-95.069548,50.371302,2023-01-01T01:03:01
-95.180741,50.371302,2023-01-01T01:03:02
-95.180741,50.371302,2023-01-01T01:03:03
-95.180741,50.482497,2023-01-01T01:03:04
-95.291933,50.482497,2023-01-01T01:03:05
-95.291933,50.482497,2023-01-01T01:03:06
-95.291933,50.482497,2023-01-01T01:03:07
-95.291933,50.593692,2023-01-01T01:03:08
-95.403125,50.593692,2023-01-01T01:03:09
-95.403125,50.593692,2023-01-01T01:03:10
-95.403125,50.593692,2023-01-01T01:03:11
-95.514318,50.704887,2023-01-01T01:03:12
-95.514318,50.704887,2023-01-01T01:03:13
-95.514318,50.704887,2023-01-01T01:03:14
-95.625510,50.704887,2023-01-01T01:03:15
-95.625510,50.816081,2023-01-01T01:03:16
-95.625510,50.816081,2023-01-01T01:03:17
-95.625510,50.816081,2023-01-01T01:03:18
-95.736703,50.816081,2023-01-01T01:03:19
-95.736703,50.816081,2023-01-01T01:03:20
-95.736703,50.927276,2023-01-01T01:03:21
-95.736703,50.927276,2023-01-01T01:03:22
-95.736703,50.927276,2023-01-01T01:03:23
-95.847895,50.927276,2023-01-01T01:03:24
-95.847895,50.927276,2023-01-01T01:03:25
-95.847895,50.927276,2023-01-01T01:03:26
-95.847895,50.927276,2023-01-01T01:03:27
-95.847895,51.038471,2023-01-01T01:03:28
-95.847895,51.038471,2023-01-01T01:03:29
-95.847895,51.038471,2023-01-01T01:03:30
-95.847895,51.038471,2023-01-01T01:03:31
-95.847895,51.038471,2023-01-01T01:03:32
-95.847895,51.038471,2023-01-01T01:03:33
-95.847895,51.038471,2023-01-01T01:03:34
-95.847895,51.038471,2023-01-01T01:03:35
-95.847895,51.038471,2023-01-01T01:03:36
-95.847895,51.038471,2023-01-01T01:03:37
-95.847895,51.038471,2023-01-01T01:03:38
-95.847895,51.038471,2023-01-01T01:03:39
-95.847895,51.038471,2023-01-01T01:03:40
-95.736703,51.038471,2023-01-01T01:03:41
-95.736703,51.038471,2023-01-01T01:03:42
-95.736703,51.038471,2023-01-01T01:03:43
-95.736703,51.038471,2023-01-01T01:03:44
-95.736703,51.038471,2023-01-01T01:03:45
-95.736703,50.927276,2023-01-01T01:03:46
-95.625510,50.927276,2023-01-01T01:03:47
-95.625510,50.927276,2023-01-01T01:03:48
-95.625510,50.927276,2023-01-01T01:03:49
-95.625510,50.927276,2023-01-01T01:03:50
-95.625510,50.927276,2023-01-01T01:03:51
-95.514318,50.816081,2023-01-01T01:03:52
-95.514318,50.816081,2023-01-01T01:03:53
-95.514318,50.816081,2023-01-01T01:03:54
-95.403125,50.816081,2023-01-01T01:03:55
-95.403125,50.816081,2023-01-01T01:03:56
-95.403125,50.704887,2023-01-01T01:03:57
-95.291933,50.704887,2023-01-01T01:03:58
-95.291933,50.704887,2023-01-01T01:03:59
-95.291933,50.704887,2023-01-01T01:04:00
-95.291933,50.593692,2023-01-01T01:04:01
-95.180741,50.593692,2023-01-01T01:04:02
-95.180741,50.593692,2023-01-01T01:04:03
-95.180741,50.482497,2023-01-01T01:04:04
-95.180741,50.482497,2023-01-01T01:04:05
-95.180741,50.482497,2023-01-01T01:04:06
-95.069548,50.482497,2023-01-01T01:04:07
-95.069548,50.371302,2023-01-01T01:04:08
-95.069548,50.371302,2023-01-01T01:04:09
-95.069548,50.371302,2023-01-01T01:04:10
-95.069548,50.260107,2023-01-01T01:04:11
-95.069548,50.260107,2023-01-01T01:04:12
-95.069548,50.260107,2023-01-01T01:04:13
-95.180741,50.260107,2023-01-01T01:04:14
-95.180741,50.260107,2023-01-01T01:04:15
-95.180741,50.260107,2023-01-01T01:04:16
-95.180741,50.260107,2023-01-01T01:04:17
-95.291933,50.260107,2023-01-01T01:04:18
-95.291933,50.260107,2023-01-01T01:04:19
-95.291933,50.260107,2023-01-01T01:04:20
-95.291933,50.260107,2023-01-01T01:04:21
-95.291933,50.260107,2023-01-01T01:04:22
-95.403125,50.148912,2023-01-01T01:04:23
-95.403125,50.148912,2023-01-01T01:04:24
-95.403125,50.148912,2023-01-01T01:04:25
-95.403125,50.148912,2023-01-01T01:04:26
-95.403125,50.148912,2023-01-01T01:04:27
-95.514318,50.148912,2023-01-01T01:04:28
-95.514318,50.148912,2023-01-01T01:04:29
-95.514318,50.148912,2023-01-01T01:04:30
-95.514318,50.148912,2023-01-01T01:04:31
-95.514318,50.148912,2023-01-01T01:04:32
-95.514318,50.148912,2023-01-01T01:04:33
-95.625510,50.148912,2023-01-01T01:04:34
-95.625510,50.148912,2023-01-01T01:04:35
-95.625510,50.148912,2023-01-01T01:04:36
-95.625510,50.148912,2023-01-01T01:04:37
-95.625510,50.148912,2023-01-01T01:04:38
-95.736703,50.148912,2023-01-01T01:04:39
-95.736703,50.148912,2023-01-01T01:04:40
-95.736703,50.260107,2023-01-01T01:04:41
-95.847895,50.371302,2023-01-01T01:04:42
-95.959088,50.371302,2023-01-01T01:04:43
-95.959088,50.482497,2023-01-01T01:04:44
-96.070280,50.593692,2023-01-01T01:04:45
-96.070280,50.593692,2023-01-01T01:04:46
-96.181473,50.704887,2023-01-01T01:04:47
-96.181473,50.816081,2023-01-01T01:04:48
-96.292665,50.816081,2023-01-01T01:04:49
-96.292665,50.927276,2023-01-01T01:04:50
-96.403858,51.038471,2023-01-01T01:04:51
-96.403858,51.038471,2023-01-01T01:04:52
-96.515050,51.149666,2023-01-01T01:04:53
-96.515050,51.260861,2023-01-01T01:04:54
-96.626242,51.260861,2023-01-01T01:04:55
-96.626242,51.372056,2023-01-01T01:04:56
-96.737435,51.372056,2023-01-01T01:04:57
-96.737435,51.483251,2023-01-01T01:04:58
-96.848627,51.594446,2023-01-01T01:04:59
-96.848627,51.594446,2023-01-01T01:05:00
-96.959820,51.705641,2023-01-01T01:05:01
-96.959820,51.705641,2023-01-01T01:05:02
-96.959820,51.816836,2023-01-01T01:05:03
-97.071012,51.816836,2023-01-01T01:05:04
-97.071012,51.928031,2023-01-01T01:05:05
-97.182205,51.928031,2023-01-01T01:05:06
-97.182205,51.928031,2023-01-01T01:05:07
-97.293397,52.039226,2023-01-01T01:05:08
-97.293397,52.039226,2023-01-01T01:05:09
-97.404590,52.150421,2023-01-01T01:05:10
-97.404590,52.150421,2023-01-01T01:05:11
-97.515782,52.150421,2023-01-01T01:05:12
-97.515782,52.261616,2023-01-01T01:05:13
-97.626975,52.261616,2023-01-01T01:05:14
-97.738167,52.261616,2023-01-01T01:05:15
-97.738167,52.372810,2023-01-01T01:05:16
-97.849359,52.372810,2023-01-01T01:05:17
-97.960552,52.372810,2023-01-01T01:05:18
-97.960552,52.372810,2023-01-01T01:05:19
-98.071744,52.484005,2023-01-01T01:05:20
-98.071744,52.484005,2023-01-01T01:05:21
-98.182937,52.484005,2023-01-01T01:05:22
-98.182937,52.595200,2023-01-01T01:05:23
-98.294129,52.595200,2023-01-01T01:05:24
-98.405322,52.595200,2023-01-01T01:05:25
-98.405322,52.595200,2023-01-01T01:05:26
-98.516514,52.706395,2023-01-01T01:05:27
-98.516514,52.706395,2023-01-01T01:05:28
-98.627707,52.706395,2023-01-01T01:05:29
-98.627707,52.706395,2023-01-01T01:05:30
-98.738899,52.817590,2023-01-01T01:05:31
-98.738899,52.817590,2023-01-01T01:05:32
-98.850092,52.817590,2023-01-01T01:05:33
-98.850092,52.817590,2023-01-01T01:05:34
-98.961284,52.928785,2023-01-01T01:05:35
-98.961284,52.928785,2023-01-01T01:05:36
-98.961284,52.928785,2023-01-01T01:05:37
-99.072476,52.928785,2023-01-01T01:05:38
-99.072476,52.928785,2023-01-01T01:05:39
-99.183669,53.039980,2023-01-01T01:05:40
-99.183669,53.039980,2023-01-01T01:05:41
-99.183669,53.039980,2023-01-01T01:05:42
-99.183669,53.039980,2023-01-01T01:05:43
-99.294861,53.039980,2023-01-01T01:05:44
-99.294861,53.039980,2023-01-01T01:05:45
-99.294861,53.151175,2023-01-01T01:05:46
-99.406054,53.151175,2023-01-01T01:05:47
-99.406054,53.151175,2023-01-01T01:05:48
-99.406054,53.151175,2023-01-01T01:05:49
-99.406054,53.151175,2023-01-01T01:05:50
-99.406054,53.151175,2023-01-01T01:05:51
-99.517246,53.151175,2023-01-01T01:05:52
-99.517246,53.151175,2023-01-01T01:05:53
-99.517246,53.151175,2023-01-01T01:05:54
-99.517246,53.151175,2023-01-01T01:05:55
-99.517246,53.151175,2023-01-01T01:05:56
-99.517246,53.151175,2023-01-01T01:05:57
-99.517246,53.151175,2023-01-01T01:05:58
-99.517246,53.151175,2023-01-01T01:05:59
-99.517246,53.151175,2023-01-01T01:06:00
-99.517246,53.151175,2023-01-01T01:06:01
-99.517246,53.151175,2023-01-01T01:06:02
-99.517246,53.151175,2023-01-01T01:06:03
-99.517246,53.151175,2023-01-01T01:06:04
-99.517246,53.151175,2023-01-01T01:06:05
-99.517246,53.151175,2023-01-01T01:06:06
-99.517246,53.151175,2023-01-01T01:06:07
-99.406054,53.039980,2023-01-01T01:06:08
-99.406054,53.039980,2023-01-01T01:06:09
-99.406054,53.039980,2023-01-01T01:06:10
-99.406054,53.039980,2023-01-01T01:06:11
-99.406054,53.039980,2023-01-01T01:06:12
-99.294861,52.928785,2023-01-01T01:06:13
-99.294861,52.928785,2023-01-01T01:06:14
-99.294861,52.928785,2023-01-01T01:06:15
-99.294861,52.817590,2023-01-01T01:06:16
-99.183669,52.817590,2023-01-01T01:06:17
-99.183669,52.817590,2023-01-01T01:06:18
-99.183669,52.817590,2023-01-01T01:06:19
-99.072476,52.706395,2023-01-01T01:06:20
-99.072476,52.706395,2023-01-01T01:06:21
-99.072476,52.595200,2023-01-01T01:06:22
-98.961284,52.595200,2023-01-01T01:06:23
-98.961284,52.595200,2023-01-01T01:06:24
-99.183669,52.817590,2023-01-01T01:06:25
-99.406054,52.928785,2023-01-01T01:06:26
-99.517246,53.151175,2023-01-01T01:06:27
-99.739631,53.373565,2023-01-01T01:06:28
-99.962016,53.484760,2023-01-01T01:06:29
-100.295593,53.818344,2023-01-01T01:06:30
-100.629171,54.151929,2023-01-01T01:06:31
-100.962748,54.485514,2023-01-01T01:06:32
-101.296326,54.707904,2023-01-01T01:06:33
-101.518710,55.041489,2023-01-01T01:06:34
-101.852288,55.263879,2023-01-01T01:06:35
-102.185865,55.597463,2023-01-01T01:06:36
-102.408250,55.819853,2023-01-01T01:06:37
-102.741827,56.153438,2023-01-01T01:06:38
-102.964212,56.375828,2023-01-01T01:06:39
-103.297790,56.598218,2023-01-01T01:06:40
-103.520175,56.820608,2023-01-01T01:06:41
-103.742560,57.154192,2023-01-01T01:06:42
-104.076137,57.376582,2023-01-01T01:06:43
-104.298522,57.598972,2023-01-01T01:06:44
-104.520907,57.821362,2023-01-01T01:06:45
-104.743292,58.043752,2023-01-01T01:06:46
-104.965677,58.266142,2023-01-01T01:06:47
-105.188061,58.488531,2023-01-01T01:06:48
-105.410446,58.710921,2023-01-01T01:06:49
-105.632831,58.822116,2023-01-01T01:06:50
-105.855216,59.044506,2023-01-01T01:06:51
-105.966409,59.266896,2023-01-01T01:06:52
-106.188794,59.378091,2023-01-01T01:06:53
-106.411178,59.600481,2023-01-01T01:06:54
-106.522371,59.822871,2023-01-01T01:06:55
-106.744756,59.934065,2023-01-01T01:06:56
-106.855948,60.156455,2023-01-01T01:06:57
-107.078333,60.267650,2023-01-01T01:06:58
-107.189526,60.378845,2023-01-01T01:06:59
-107.523103,60.712430,2023-01-01T01:07:00
-107.856680,61.046015,2023-01-01T01:07:01
-108.079065,61.268405,2023-01-01T01:07:02
-108.412643,61.490794,2023-01-01T01:07:03
-108.635028,61.824379,2023-01-01T01:07:04
-108.968605,62.046769,2023-01-01T01:07:05
-109.190990,62.269159,2023-01-01T01:07:06
-109.524567,62.602744,2023-01-01T01:07:07
-109.746952,62.825134,2023-01-01T01:07:08
-109.969337,63.047523,2023-01-01T01:07:09
-110.191722,63.269913,2023-01-01T01:07:10
-110.414107,63.492303,2023-01-01T01:07:11
-110.636492,63.714693,2023-01-01T01:07:12
-110.858877,63.937083,2023-01-01T01:07:13
-111.081262,64.159473,2023-01-01T01:07:14
-111.303646,64.270668,2023-01-01T01:07:15
-111.414839,64.493057,2023-01-01T01:07:16
-111.637224,64.715447,2023-01-01T01:07:17
-111.859609,64.826642,2023-01-01T01:07:18
-111.970801,65.049032,2023-01-01T01:07:19
-112.193186,65.271422,2023-01-01T01:07:20
-112.304378,65.382617,2023-01-01T01:07:21
-112.526763,65.605007,2023-01-01T01:07:22
-112.637956,65.716202,2023-01-01T01:07:23
-112.860341,65.938592,2023-01-01T01:07:24
-112.971533,66.049786,2023-01-01T01:07:25
-113.082726,66.272176,2023-01-01T01:07:26
-113.305111,66.383371,2023-01-01T01:07:27
-113.416303,66.494566,2023-01-01T01:07:28
-113.527495,66.716956,2023-01-01T01:07:29
-113.861073,66.939346,2023-01-01T01:07:30
-114.083458,67.272931,2023-01-01T01:07:31
-114.417035,67.606515,2023-01-01T01:07:32
-114.639420,67.828905,2023-01-01T01:07:33
-114.972997,68.162490,2023-01-01T01:07:34
-115.195382,68.496075,2023-01-01T01:07:35
-115.417767,68.718465,2023-01-01T01:07:36
-115.640152,69.052049,2023-01-01T01:07:37
-115.973729,69.274439,2023-01-01T01:07:38
-116.196114,69.496829,2023-01-01T01:07:39
-116.418499,69.830414,2023-01-01T01:07:40
-116.640884,70.052804,2023-01-01T01:07:41
-116.863269,70.275194,2023-01-01T01:07:42
-117.085654,70.497583,2023-01-01T01:07:43
-117.308039,70.831168,2023-01-01T01:07:44
-117.530424,71.053558,2023-01-01T01:07:45
-117.752809,71.275948,2023-01-01T01:07:46
-117.864001,71.498338,2023-01-01T01:07:47
-118.086386,71.720728,2023-01-01T01:07:48
-118.308771,71.943118,2023-01-01T01:07:49
-118.531156,72.165507,2023-01-01T01:07:50
-118.642348,72.387897,2023-01-01T01:07:51
-118.864733,72.499092,2023-01-01T01:07:52
-119.087118,72.721482,2023-01-01T01:07:53
-119.198311,72.943872,2023-01-01T01:07:54
-119.420696,73.166262,2023-01-01T01:07:55
-119.531888,73.277457,2023-01-01T01:07:56
-119.754273,73.499847,2023-01-01T01:07:57
-119.865465,73.722236,2023-01-01T01:07:58
-120.087850,73.944626,2023-01-01T01:07:59
-120.310235,74.167016,2023-01-01T01:08:00
-120.532620,74.389406,2023-01-01T01:08:01
-120.755005,74.722991,2023-01-01T01:08:02
-120.977390,74.945381,2023-01-01T01:08:03
-121.199775,75.278965,2023-01-01T01:08:04
-121.422160,75.501355,2023-01-01T01:08:05
-121.644545,75.723745,2023-01-01T01:08:06
-121.866930,75.946135,2023-01-01T01:08:07
-122.089314,76.168525,2023-01-01T01:08:08
-122.311699,76.390915,2023-01-01T01:08:09
-122.534084,76.613304,2023-01-01T01:08:10
-122.756469,76.835694,2023-01-01T01:08:11
-122.867662,77.058084,2023-01-01T01:08:12
-123.090047,77.280474,2023-01-01T01:08:13
-123.312431,77.502864,2023-01-01T01:08:14
-123.423624,77.725254,2023-01-01T01:08:15
-123.646009,77.947644,2023-01-01T01:08:16
-123.868394,78.170033,2023-01-01T01:08:17
-123.979586,78.281228,2023-01-01T01:08:18
-124.201971,78.503618,2023-01-01T01:08:19
-124.313164,78.726008,2023-01-01T01:08:20
-124.535548,78.837203,2023-01-01T01:08:21
-124.646741,79.059593,2023-01-01T01:08:22
-124.757933,79.281983,2023-01-01T01:08:23
-124.980318,79.393178,2023-01-01T01:08:24
-125.091511,79.615567,2023-01-01T01:08:25
-125.313896,79.726762,2023-01-01T01:08:26
-125.425088,79.949152,2023-01-01T01:08:27
-125.536281,80.060347,2023-01-01T01:08:28
-125.647473,80.282737,2023-01-01T01:08:29
-125.869858,80.393932,2023-01-01T01:08:30
-125.981050,80.616322,2023-01-01T01:08:31
-126.203435,80.727517,2023-01-01T01:08:32
-126.314628,80.838712,2023-01-01T01:08:33
-126.537013,81.061102,2023-01-01T01:08:34
-126.648205,81.172296,2023-01-01T01:08:35
-126.870590,81.283491,2023-01-01T01:08:36
-126.981782,81.505881,2023-01-01T01:08:37
-127.092975,81.617076,2023-01-01T01:08:38
-127.315360,81.728271,2023-01-01T01:08:39
-127.426552,81.839466,2023-01-01T01:08:40
-127.537745,82.061856,2023-01-01T01:08:41
-127.760130,82.173051,2023-01-01T01:08:42
-127.871322,82.284246,2023-01-01T01:08:43
-127.982515,82.395441,2023-01-01T01:08:44
-128.093707,82.506636,2023-01-01T01:08:45
-128.204899,82.617830,2023-01-01T01:08:46
-128.316092,82.729025,2023-01-01T01:08:47
-128.538477,82.840220,2023-01-01T01:08:48
-128.649669,82.951415,2023-01-01T01:08:49
-128.760862,83.062610,2023-01-01T01:08:50
-128.872054,83.173805,2023-01-01T01:08:51
-128.983247,83.285000,2023-01-01T01:08:52
-129.094439,83.396195,2023-01-01T01:08:53
-129.205631,83.507390,2023-01-01T01:08:54
-129.316824,83.618585,2023-01-01T01:08:55
-129.428016,83.729780,2023-01-01T01:08:56
-129.539209,83.840975,2023-01-01T01:08:57
-129.650401,83.952170,2023-01-01T01:08:58
-129.650401,84.063365,2023-01-01T01:08:59
-129.761594,84.174559,2023-01-01T01:09:00
-129.872786,84.285754,2023-01-01T01:09:01
-129.983979,84.285754,2023-01-01T01:09:02
-130.095171,84.396949,2023-01-01T01:09:03
-130.206364,84.508144,2023-01-01T01:09:04
-130.317556,84.619339,2023-01-01T01:09:05
-130.428748,84.619339,2023-01-01T01:09:06
-130.539941,84.730534,2023-01-01T01:09:07
-130.539941,84.841729,2023-01-01T01:09:08
-130.651133,84.952924,2023-01-01T01:09:09
-130.762326,84.952924,2023-01-01T01:09:10
-130.873518,85.064119,2023-01-01T01:09:11
-130.873518,85.175314,2023-01-01T01:09:12
-130.984711,85.175314,2023-01-01T01:09:13
-131.095903,85.286509,2023-01-01T01:09:14
-131.095903,85.286509,2023-01-01T01:09:15
-131.207096,85.397704,2023-01-01T01:09:16
-131.318288,85.508899,2023-01-01T01:09:17
-131.318288,85.508899,2023-01-01T01:09:18
-131.429481,85.620094,2023-01-01T01:09:19
-131.540673,85.620094,2023-01-01T01:09:20
-131.540673,85.731288,2023-01-01T01:09:21
-131.651865,85.731288,2023-01-01T01:09:22
-131.651865,85.842483,2023-01-01T01:09:23
-131.763058,85.842483,2023-01-01T01:09:24
-131.763058,85.953678,2023-01-01T01:09:25
-131.874250,85.953678,2023-01-01T01:09:26
-131.874250,85.953678,2023-01-01T01:09:27
-131.874250,86.064873,2023-01-01T01:09:28
-131.985443,86.064873,2023-01-01T01:09:29
-131.985443,86.064873,2023-01-01T01:09:30
-131.985443,86.176068,2023-01-01T01:09:31
-132.096635,86.176068,2023-01-01T01:09:32
-132.096635,86.176068,2023-01-01T01:09:33
-132.207828,86.176068,2023-01-01T01:09:34
-132.207828,86.287263,2023-01-01T01:09:35
-132.207828,86.287263,2023-01-01T01:09:36
-132.319020,86.287263,2023-01-01T01:09:37
-132.319020,86.287263,2023-01-01T01:09:38
-132.319020,86.287263,2023-01-01T01:09:39
-132.319020,86.287263,2023-01-01T01:09:40
-132.319020,86.398458,2023-01-01T01:09:41
-132.430213,86.398458,2023-01-01T01:09:42
-132.430213,86.398458,2023-01-01T01:09:43
-132.430213,86.398458,2023-01-01T01:09:44
-132.430213,86.398458,2023-01-01T01:09:45
-132.430213,86.398458,2023-01-01T01:09:46
-132.430213,86.398458,2023-01-01T01:09:47
-132.430213,86.398458,2023-01-01T01:09:48
-132.430213,86.398458,2023-01-01T01:09:49
-132.430213,86.287263,2023-01-01T01:09:50
-132.430213,86.287263,2023-01-01T01:09:51
-132.430213,86.287263,2023-01-01T01:09:52
-132.430213,86.287263,2023-01-01T01:09:53
-132.430213,86.287263,2023-01-01T01:09:54
-132.430213,86.287263,2023-01-01T01:09:55
-132.430213,86.287263,2023-01-01T01:09:56
-132.430213,86.287263,2023-01-01T01:09:57
-132.430213,86.176068,2023-01-01T01:09:58
-132.319020,86.176068,2023-01-01T01:09:59
-132.430213,86.176068,2023-01-01T01:10:00
-132.430213,86.176068,2023-01-01T01:10:01
-132.430213,86.176068,2023-01-01T01:10:02
-132.430213,86.176068,2023-01-01T01:10:03
-132.430213,86.064873,2023-01-01T01:10:04
-132.430213,86.064873,2023-01-01T01:10:05
-132.541405,86.064873,2023-01-01T01:10:06
-132.541405,86.064873,2023-01-01T01:10:07
-132.541405,86.064873,2023-01-01T01:10:08
-132.541405,85.953678,2023-01-01T01:10:09
-132.541405,85.953678,2023-01-01T01:10:10
-132.541405,85.953678,2023-01-01T01:10:11
-132.541405,85.953678,2023-01-01T01:10:12
-132.541405,85.953678,2023-01-01T01:10:13
-132.541405,85.842483,2023-01-01T01:10:14
-132.541405,85.842483,2023-01-01T01:10:15
-132.541405,85.842483,2023-01-01T01:10:16
-132.541405,85.842483,2023-01-01T01:10:17
-132.541405,85.842483,2023-01-01T01:10:18
-132.541405,85.731288,2023-01-01T01:10:19
-132.541405,85.731288,2023-01-01T01:10:20
-132.541405,85.731288,2023-01-01T01:10:21
-132.541405,85.731288,2023-01-01T01:10:22
-132.541405,85.731288,2023-01-01T01:10:23
-132.541405,85.731288,2023-01-01T01:10:24
-132.541405,85.620094,2023-01-01T01:10:25
-132.541405,85.620094,2023-01-01T01:10:26
-132.541405,85.620094,2023-01-01T01:10:27
-132.541405,85.620094,2023-01-01T01:10:28
-132.541405,85.620094,2023-01-01T01:10:29
-132.652598,85.731288,2023-01-01T01:10:30
-132.652598,85.731288,2023-01-01T01:10:31
-132.763790,85.842483,2023-01-01T01:10:32
-132.763790,85.953678,2023-01-01T01:10:33
-132.874982,85.953678,2023-01-01T01:10:34
-132.874982,86.064873,2023-01-01T01:10:35
-132.986175,86.176068,2023-01-01T01:10:36
-132.986175,86.176068,2023-01-01T01:10:37
-133.097367,86.287263,2023-01-01T01:10:38
-133.097367,86.398458,2023-01-01T01:10:39
-133.208560,86.398458,2023-01-01T01:10:40
-133.208560,86.509653,2023-01-01T01:10:41
-133.319752,86.509653,2023-01-01T01:10:42
-133.319752,86.620848,2023-01-01T01:10:43
-133.430945,86.732043,2023-01-01T01:10:44
-133.430945,86.732043,2023-01-01T01:10:45
-133.542137,86.843238,2023-01-01T01:10:46
-133.542137,86.843238,2023-01-01T01:10:47
-133.542137,86.954433,2023-01-01T01:10:48
-133.653330,86.954433,2023-01-01T01:10:49
-133.653330,87.065628,2023-01-01T01:10:50
-133.764522,87.065628,2023-01-01T01:10:51
-133.764522,87.176822,2023-01-01T01:10:52
-133.764522,87.288017,2023-01-01T01:10:53
-133.875715,87.288017,2023-01-01T01:10:54
-133.875715,87.399212,2023-01-01T01:10:55
-133.986907,87.399212,2023-01-01T01:10:56
-133.986907,87.510407,2023-01-01T01:10:57
-133.986907,87.510407,2023-01-01T01:10:58
-134.098099,87.621602,2023-01-01T01:10:59
-134.209292,87.621602,2023-01-01T01:11:00
-134.209292,87.732797,2023-01-01T01:11:01
-134.320484,87.843992,2023-01-01T01:11:02
-134.431677,87.955187,2023-01-01T01:11:03
-134.542869,88.066382,2023-01-01T01:11:04
-134.654062,88.177577,2023-01-01T01:11:05
-134.654062,88.177577,2023-01-01T01:11:06
-134.765254,88.288772,2023-01-01T01:11:07
-134.876447,88.399967,2023-01-01T01:11:08
-134.876447,88.511162,2023-01-01T01:11:09
-134.987639,88.622357,2023-01-01T01:11:10
-135.098832,88.622357,2023-01-01T01:11:11
-135.210024,88.733551,2023-01-01T01:11:12
-135.210024,88.844746,2023-01-01T01:11:13
-135.321216,88.844746,2023-01-01T01:11:14
-135.432409,88.955941,2023-01-01T01:11:15
-135.432409,89.067136,2023-01-01T01:11:16
-135.543601,89.178331,2023-01-01T01:11:17
-135.543601,89.178331,2023-01-01T01:11:18
-135.654794,89.289526,2023-01-01T01:11:19
-135.765986,89.400721,2023-01-01T01:11:20
-135.765986,89.400721,2023-01-01T01:11:21
-135.877179,89.511916,2023-01-01T01:11:22
-135.877179,89.623111,2023-01-01T01:11:23
-135.988371,89.623111,2023-01-01T01:11:24
-135.988371,89.734306,2023-01-01T01:11:25
-136.099564,89.734306,2023-01-01T01:11:26
-136.099564,89.845501,2023-01-01T01:11:27
-136.210756,89.956696,2023-01-01T01:11:28
-136.210756,89.956696,2023-01-01T01:11:29
-136.321949,90.067891,2023-01-01T01:11:30
-136.433141,90.067891,2023-01-01T01:11:31
-136.433141,90.179086,2023-01-01T01:11:32
-136.544333,90.290280,2023-01-01T01:11:33
-136.544333,90.290280,2023-01-01T01:11:34
-136.655526,90.401475,2023-01-01T01:11:35
-136.766718,90.401475,2023-01-01T01:11:36
-136.766718,90.512670,2023-01-01T01:11:37
-136.877911,90.512670,2023-01-01T01:11:38
-136.877911,90.623865,2023-01-01T01:11:39
-136.989103,90.735060,2023-01-01T01:11:40
-136.989103,90.735060,2023-01-01T01:11:41
-137.100296,90.846255,2023-01-01T01:11:42
-137.211488,90.846255,2023-01-01T01:11:43
-137.211488,90.957450,2023-01-01T01:11:44
-137.322681,90.957450,2023-01-01T01:11:45
-137.322681,91.068645,2023-01-01T01:11:46
-137.433873,91.068645,2023-01-01T01:11:47
-137.433873,91.179840,2023-01-01T01:11:48
-137.545066,91.179840,2023-01-01T01:11:49
-137.545066,91.291035,2023-01-01T01:11:50
-137.545066,91.291035,2023-01-01T01:11:51
-137.656258,91.291035,2023-01-01T01:11:52
-137.656258,91.402230,2023-01-01T01:11:53
-137.767450,91.402230,2023-01-01T01:11:54
-137.767450,91.513425,2023-01-01T01:11:55
-137.878643,91.513425,2023-01-01T01:11:56
-137.878643,91.624620,2023-01-01T01:11:57
-137.989835,91.624620,2023-01-01T01:11:58
-137.989835,91.735814,2023-01-01T01:11:59
-137.989835,91.735814,2023-01-01T01:12:00
-138.101028,91.735814,2023-01-01T01:12:01
-138.101028,91.847009,2023-01-01T01:12:02
-138.101028,91.847009,2023-01-01T01:12:03
-138.212220,91.958204,2023-01-01T01:12:04
-138.212220,91.958204,2023-01-01T01:12:05
-138.323413,91.958204,2023-01-01T01:12:06
-138.323413,92.069399,2023-01-01T01:12:07
-138.323413,92.069399,2023-01-01T01:12:08
-138.434605,92.069399,2023-01-01T01:12:09
-138.545798,92.069399,2023-01-01T01:12:10
-138.545798,92.069399,2023-01-01T01:12:11
-138.656990,92.180594,2023-01-01T01:12:12
-138.656990,92.180594,2023-01-01T01:12:13
-138.768183,92.180594,2023-01-01T01:12:14
-138.879375,92.180594,2023-01-01T01:12:15
-138.990567,92.180594,2023-01-01T01:12:16
-138.990567,92.180594,2023-01-01T01:12:17
-139.101760,92.069399,2023-01-01T01:12:18
-139.212952,92.069399,2023-01-01T01:12:19
-139.212952,92.069399,2023-01-01T01:12:20
-139.324145,92.069399,2023-01-01T01:12:21
-139.435337,92.069399,2023-01-01T01:12:22
-139.435337,92.069399,2023-01-01T01:12:23
-139.546530,92.069399,2023-01-01T01:12:24
-139.657722,92.069399,2023-01-01T01:12:25
-139.657722,92.069399,2023-01-01T01:12:26
-139.768915,92.069399,2023-01-01T01:12:27
-139.768915,92.069399,2023-01-01T01:12:28
-139.880107,92.069399,2023-01-01T01:12:29
-139.880107,92.069399,2023-01-01T01:12:30
-139.991300,92.069399,2023-01-01T01:12:31
-139.991300,92.069399,2023-01-01T01:12:32
-140.102492,91.958204,2023-01-01T01:12:33
-140.102492,91.958204,2023-01-01T01:12:34
-140.213684,91.958204,2023-01-01T01:12:35
-140.213684,91.958204,2023-01-01T01:12:36
-140.324877,91.958204,2023-01-01T01:12:37
-140.324877,91.958204,2023-01-01T01:12:38
-140.436069,91.958204,2023-01-01T01:12:39
-140.436069,91.958204,2023-01-01T01:12:40
-140.547262,91.958204,2023-01-01T01:12:41
-140.547262,91.958204,2023-01-01T01:12:42
-140.658454,91.958204,2023-01-01T01:12:43
-140.658454,91.958204,2023-01-01T01:12:44
-140.769647,91.958204,2023-01-01T01:12:45
-140.769647,91.958204,2023-01-01T01:12:46
-140.769647,91.847009,2023-01-01T01:12:47
-140.880839,91.847009,2023-01-01T01:12:48
-140.880839,91.847009,2023-01-01T01:12:49
-140.992032,91.847009,2023-01-01T01:12:50
-140.992032,91.847009,2023-01-01T01:12:51
-140.992032,91.847009,2023-01-01T01:12:52
-141.103224,91.847009,2023-01-01T01:12:53
-141.103224,91.847009,2023-01-01T01:12:54
-141.103224,91.847009,2023-01-01T01:12:55
-141.214417,91.847009,2023-01-01T01:12:56
-141.214417,91.847009,2023-01-01T01:12:57
-141.214417,91.847009,2023-01-01T01:12:58
-141.325609,91.847009,2023-01-01T01:12:59
-141.214417,91.847009,2023-01-01T01:13:00
-141.214417,91.958204,2023-01-01T01:13:01
-141.214417,91.958204,2023-01-01T01:13:02
-141.214417,91.958204,2023-01-01T01:13:03
-141.103224,92.069399,2023-01-01T01:13:04
-141.103224,92.069399,2023-01-01T01:13:05
-141.103224,92.069399,2023-01-01T01:13:06
-141.103224,92.180594,2023-01-01T01:13:07
-141.103224,92.180594,2023-01-01T01:13:08
-140.992032,92.180594,2023-01-01T01:13:09
-140.992032,92.180594,2023-01-01T01:13:10
-140.992032,92.291789,2023-01-01T01:13:11
-140.992032,92.291789,2023-01-01T01:13:12
-140.992032,92.291789,2023-01-01T01:13:13
-140.880839,92.402984,2023-01-01T01:13:14
-140.880839,92.402984,2023-01-01T01:13:15
-140.880839,92.402984,2023-01-01T01:13:16
-140.880839,92.402984,2023-01-01T01:13:17
-140.880839,92.514179,2023-01-01T01:13:18
-140.880839,92.514179,2023-01-01T01:13:19
-140.769647,92.514179,2023-01-01T01:13:20
-140.769647,92.514179,2023-01-01T01:13:21
-140.769647,92.514179,2023-01-01T01:13:22
-140.769647,92.625374,2023-01-01T01:13:23
-140.769647,92.625374,2023-01-01T01:13:24
-140.769647,92.625374,2023-01-01T01:13:25
-140.658454,92.625374,2023-01-01T01:13:26
-140.658454,92.625374,2023-01-01T01:13:27
-140.658454,92.736569,2023-01-01T01:13:28
-140.658454,92.736569,2023-01-01T01:13:29
-140.658454,92.736569,2023-01-01T01:13:30
-140.658454,92.736569,2023-01-01T01:13:31
-140.547262,92.736569,2023-01-01T01:13:32
-140.547262,92.736569,2023-01-01T01:13:33
-140.547262,92.847764,2023-01-01T01:13:34
-140.547262,92.847764,2023-01-01T01:13:35
-140.547262,92.847764,2023-01-01T01:13:36
-140.547262,92.847764,2023-01-01T01:13:37
-140.547262,92.847764,2023-01-01T01:13:38
-140.547262,92.847764,2023-01-01T01:13:39
-140.436069,92.847764,2023-01-01T01:13:40
-140.436069,92.847764,2023-01-01T01:13:41
-140.436069,92.847764,2023-01-01T01:13:42
-140.436069,92.847764,2023-01-01T01:13:43
-140.436069,92.847764,2023-01-01T01:13:44
-140.436069,92.847764,2023-01-01T01:13:45
-140.436069,92.847764,2023-01-01T01:13:46
-140.436069,92.847764,2023-01-01T01:13:47
-140.324877,92.847764,2023-01-01T01:13:48
-140.324877,92.847764,2023-01-01T01:13:49
-140.324877,92.847764,2023-01-01T01:13:50
-140.324877,92.847764,2023-01-01T01:13:51
-140.324877,92.847764,2023-01-01T01:13:52
-140.324877,92.847764,2023-01-01T01:13:53
-140.324877,92.847764,2023-01-01T01:13:54
-140.213684,92.847764,2023-01-01T01:13:55
-140.213684,92.847764,2023-01-01T01:13:56
-140.213684,92.736569,2023-01-01T01:13:57
-140.213684,92.736569,2023-01-01T01:13:58
-140.213684,92.736569,2023-01-01T01:13:59
-140.213684,92.736569,2023-01-01T01:14:00
-140.213684,92.736569,2023-01-01T01:14:01
-140.102492,92.736569,2023-01-01T01:14:02
-140.102492,92.736569,2023-01-01T01:14:03
-140.102492,92.625374,2023-01-01T01:14:04
-140.102492,92.625374,2023-01-01T01:14:05
-140.102492,92.625374,2023-01-01T01:14:06
-140.102492,92.625374,2023-01-01T01:14:07
-140.102492,92.625374,2023-01-01T01:14:08
-140.102492,92.514179,2023-01-01T01:14:09
-139.991300,92.514179,2023-01-01T01:14:10
-139.991300,92.514179,2023-01-01T01:14:11
-139.991300,92.514179,2023-01-01T01:14:12
-139.991300,92.514179,2023-01-01T01:14:13
-139.991300,92.402984,2023-01-01T01:14:14
-139.991300,92.402984,2023-01-01T01:14:15
-139.991300,92.402984,2023-01-01T01:14:16
-139.991300,92.402984,2023-01-01T01:14:17
-139.880107,92.291789,2023-01-01T01:14:18
-139.880107,92.291789,2023-01-01T01:14:19
-139.880107,92.291789,2023-01-01T01:14:20
-139.880107,92.291789,2023-01-01T01:14:21
-139.880107,92.180594,2023-01-01T01:14:22
-139.880107,92.180594,2023-01-01T01:14:23
-139.880107,92.180594,2023-01-01T01:14:24
-139.880107,92.180594,2023-01-01T01:14:25
-139.880107,92.180594,2023-01-01T01:14:26
-139.768915,92.069399,2023-01-01T01:14:27
-139.768915,92.069399,2023-01-01T01:14:28
-139.768915,92.069399,2023-01-01T01:14:29
-139.768915,92.069399,2023-01-01T01:14:30
-139.768915,92.069399,2023-01-01T01:14:31
-139.768915,92.069399,2023-01-01T01:14:32
-139.768915,92.069399,2023-01-01T01:14:33
-139.768915,92.069399,2023-01-01T01:14:34
-139.768915,92.069399,2023-01-01T01:14:35
-139.768915,92.069399,2023-01-01T01:14:36
-139.880107,92.069399,2023-01-01T01:14:37
-139.880107,92.069399,2023-01-01T01:14:38
-139.880107,92.069399,2023-01-01T01:14:39
-139.880107,92.069399,2023-01-01T01:14:40
-139.880107,92.069399,2023-01-01T01:14:41
-139.880107,92.069399,2023-01-01T01:14:42
-139.880107,92.069399,2023-01-01T01:14:43
-139.880107,92.069399,2023-01-01T01:14:44
-139.880107,92.069399,2023-01-01T01:14:45
-139.880107,92.069399,2023-01-01T01:14:46
-139.880107,92.069399,2023-01-01T01:14:47
-139.880107,92.069399,2023-01-01T01:14:48
-139.880107,92.069399,2023-01-01T01:14:49
-139.880107,92.069399,2023-01-01T01:14:50
-139.880107,92.069399,2023-01-01T01:14:51
-139.880107,92.069399,2023-01-01T01:14:52
-139.880107,92.069399,2023-01-01T01:14:53
-139.880107,92.069399,2023-01-01T01:14:54
-139.880107,92.069399,2023-01-01T01:14:55
-139.880107,92.069399,2023-01-01T01:14:56
-139.880107,92.069399,2023-01-01T01:14:57
-139.880107,91.958204,2023-01-01T01:14:58
-139.880107,91.958204,2023-01-01T01:14:59
-139.880107,92.069399,2023-01-01T01:15:00
-139.880107,92.069399,2023-01-01T01:15:01
-139.880107,92.069399,2023-01-01T01:15:02
-139.880107,92.069399,2023-01-01T01:15:03
-139.880107,92.180594,2023-01-01T01:15:04
-139.880107,92.180594,2023-01-01T01:15:05
-139.991300,92.180594,2023-01-01T01:15:06
-139.991300,92.180594,2023-01-01T01:15:07
-139.991300,92.180594,2023-01-01T01:15:08
-139.991300,92.180594,2023-01-01T01:15:09
-139.991300,92.180594,2023-01-01T01:15:10
-139.991300,92.180594,2023-01-01T01:15:11
-139.991300,92.180594,2023-01-01T01:15:12
-139.991300,92.180594,2023-01-01T01:15:13
-139.991300,92.291789,2023-01-01T01:15:14
-139.991300,92.291789,2023-01-01T01:15:15
-139.991300,92.291789,2023-01-01T01:15:16
-139.991300,92.291789,2023-01-01T01:15:17
-139.991300,92.291789,2023-01-01T01:15:18
-139.991300,92.291789,2023-01-01T01:15:19
-139.991300,92.291789,2023-01-01T01:15:20
-139.991300,92.291789,2023-01-01T01:15:21
-139.991300,92.291789,2023-01-01T01:15:22
-139.991300,92.180594,2023-01-01T01:15:23
-139.991300,92.180594,2023-01-01T01:15:24
-139.991300,92.180594,2023-01-01T01:15:25
-139.991300,92.180594,2023-01-01T01:15:26
-139.991300,92.180594,2023-01-01T01:15:27
-139.991300,92.180594,2023-01-01T01:15:28
-139.991300,92.180594,2023-01-01T01:15:29
-139.991300,92.180594,2023-01-01T01:15:30
-139.880107,92.180594,2023-01-01T01:15:31
-139.880107,92.180594,2023-01-01T01:15:32
-139.880107,92.180594,2023-01-01T01:15:33
-139.880107,92.180594,2023-01-01T01:15:34
-139.880107,92.180594,2023-01-01T01:15:35
-139.880107,92.180594,2023-01-01T01:15:36
-139.880107,92.180594,2023-01-01T01:15:37
-139.768915,92.180594,2023-01-01T01:15:38
-139.768915,92.180594,2023-01-01T01:15:39
-139.768915,92.180594,2023-01-01T01:15:40
-139.768915,92.180594,2023-01-01T01:15:41
-139.768915,92.180594,2023-01-01T01:15:42
-139.768915,92.180594,2023-01-01T01:15:43
-139.657722,92.180594,2023-01-01T01:15:44
-139.657722,92.180594,2023-01-01T01:15:45
-139.657722,92.180594,2023-01-01T01:15:46
-139.657722,92.180594,2023-01-01T01:15:47
-139.657722,92.180594,2023-01-01T01:15:48
-139.657722,92.180594,2023-01-01T01:15:49
-139.546530,92.180594,2023-01-01T01:15:50
-139.546530,92.069399,2023-01-01T01:15:51
-139.546530,92.069399,2023-01-01T01:15:52
-139.546530,92.069399,2023-01-01T01:15:53
-139.546530,92.069399,2023-01-01T01:15:54
-139.546530,92.069399,2023-01-01T01:15:55
-139.435337,92.069399,2023-01-01T01:15:56
-139.435337,92.069399,2023-01-01T01:15:57
-139.435337,92.069399,2023-01-01T01:15:58
-139.435337,92.069399,2023-01-01T01:15:59
-139.435337,92.069399,2023-01-01T01:16:00
-139.435337,92.069399,2023-01-01T01:16:01
-139.324145,92.069399,2023-01-01T01:16:02
-139.324145,92.069399,2023-01-01T01:16:03
-139.324145,92.069399,2023-01-01T01:16:04
-139.324145,92.069399,2023-01-01T01:16:05
-139.324145,92.069399,2023-01-01T01:16:06
-139.324145,92.069399,2023-01-01T01:16:07
-139.212952,92.069399,2023-01-01T01:16:08
-139.212952,92.069399,2023-01-01T01:16:09
-139.212952,92.069399,2023-01-01T01:16:10
-139.212952,92.069399,2023-01-01T01:16:11
-139.212952,92.069399,2023-01-01T01:16:12
-139.212952,92.069399,2023-01-01T01:16:13
-139.101760,92.069399,2023-01-01T01:16:14
-139.101760,92.069399,2023-01-01T01:16:15
-139.101760,92.069399,2023-01-01T01:16:16
-139.101760,92.069399,2023-01-01T01:16:17
-139.101760,92.069399,2023-01-01T01:16:18
-139.101760,92.069399,2023-01-01T01:16:19
-139.101760,92.069399,2023-01-01T01:16:20
-139.101760,92.069399,2023-01-01T01:16:21
-138.990567,92.069399,2023-01-01T01:16:22
-138.990567,92.069399,2023-01-01T01:16:23
-138.990567,92.069399,2023-01-01T01:16:24
-138.990567,92.069399,2023-01-01T01:16:25
-138.990567,92.069399,2023-01-01T01:16:26
-138.990567,92.069399,2023-01-01T01:16:27
-138.990567,92.069399,2023-01-01T01:16:28
-138.879375,92.069399,2023-01-01T01:16:29
-138.879375,92.069399,2023-01-01T01:16:30
-138.879375,92.069399,2023-01-01T01:16:31
-138.879375,92.069399,2023-01-01T01:16:32
-138.879375,92.069399,2023-01-01T01:16:33
-138.879375,92.069399,2023-01-01T01:16:34
-138.879375,92.069399,2023-01-01T01:16:35
-138.768183,91.958204,2023-01-01T01:16:36
-138.768183,91.958204,2023-01-01T01:16:37
-138.768183,91.958204,2023-01-01T01:16:38
-138.768183,91.958204,2023-01-01T01:16:39
-138.768183,91.958204,2023-01-01T01:16:40
-138.768183,91.958204,2023-01-01T01:16:41
-138.768183,91.958204,2023-01-01T01:16:42
-138.768183,91.958204,2023-01-01T01:16:43
-138.656990,91.958204,2023-01-01T01:16:44
-138.656990,91.958204,2023-01-01T01:16:45
-138.656990,91.958204,2023-01-01T01:16:46
-138.656990,91.958204,2023-01-01T01:16:47
-138.656990,91.958204,2023-01-01T01:16:48
-138.656990,91.958204,2023-01-01T01:16:49
-138.656990,91.958204,2023-01-01T01:16:50
-138.656990,91.958204,2023-01-01T01:16:51
-138.656990,91.958204,2023-01-01T01:16:52
-138.656990,91.958204,2023-01-01T01:16:53
-138.656990,91.958204,2023-01-01T01:16:54
-138.656990,91.958204,2023-01-01T01:16:55
-138.656990,91.958204,2023-01-01T01:16:56
-138.656990,91.958204,2023-01-01T01:16:57
-138.656990,91.958204,2023-01-01T01:16:58
-138.656990,91.958204,2023-01-01T01:16:59
-138.656990,91.958204,2023-01-01T01:17:00
-138.656990,91.958204,2023-01-01T01:17:01
-138.656990,91.958204,2023-01-01T01:17:02
-138.656990,91.958204,2023-01-01T01:17:03
-138.656990,91.958204,2023-01-01T01:17:04
-138.656990,91.958204,2023-01-01T01:17:05
-138.656990,91.958204,2023-01-01T01:17:06
-138.656990,91.958204,2023-01-01T01:17:07
-138.656990,91.958204,2023-01-01T01:17:08
-138.656990,91.958204,2023-01-01T01:17:09
-138.656990,91.847009,2023-01-01T01:17:10
-138.656990,91.847009,2023-01-01T01:17:11
-138.656990,91.847009,2023-01-01T01:17:12
-138.656990,91.847009,2023-01-01T01:17:13
-138.656990,91.847009,2023-01-01T01:17:14
-138.656990,91.847009,2023-01-01T01:17:15
-138.768183,91.847009,2023-01-01T01:17:16
-138.768183,91.847009,2023-01-01T01:17:17
-138.768183,91.847009,2023-01-01T01:17:18
-138.768183,91.735814,2023-01-01T01:17:19
-138.768183,91.735814,2023-01-01T01:17:20
-138.768183,91.735814,2023-01-01T01:17:21
-138.768183,91.735814,2023-01-01T01:17:22
-138.879375,91.735814,2023-01-01T01:17:23
-138.879375,91.735814,2023-01-01T01:17:24
-138.879375,91.624620,2023-01-01T01:17:25
-138.879375,91.624620,2023-01-01T01:17:26
-138.879375,91.624620,2023-01-01T01:17:27
-138.990567,91.624620,2023-01-01T01:17:28
-138.990567,91.624620,2023-01-01T01:17:29
-138.990567,91.624620,2023-01-01T01:17:30
-138.990567,91.513425,2023-01-01T01:17:31
-138.990567,91.513425,2023-01-01T01:17:32
-139.101760,91.513425,2023-01-01T01:17:33
-139.101760,91.513425,2023-01-01T01:17:34
-139.101760,91.513425,2023-01-01T01:17:35
-139.101760,91.513425,2023-01-01T01:17:36
-139.101760,91.513425,2023-01-01T01:17:37
-139.212952,91.402230,2023-01-01T01:17:38
-139.212952,91.402230,2023-01-01T01:17:39
-139.212952,91.402230,2023-01-01T01:17:40
-139.212952,91.402230,2023-01-01T01:17:41
-139.324145,91.402230,2023-01-01T01:17:42
-139.324145,91.402230,2023-01-01T01:17:43
-139.324145,91.291035,2023-01-01T01:17:44
-139.324145,91.291035,2023-01-01T01:17:45
-139.435337,91.291035,2023-01-01T01:17:46
-139.435337,91.291035,2023-01-01T01:17:47
-139.435337,91.291035,2023-01-01T01:17:48
-139.435337,91.291035,2023-01-01T01:17:49
-139.435337,91.291035,2023-01-01T01:17:50
-139.435337,91.291035,2023-01-01T01:17:51
-139.435337,91.402230,2023-01-01T01:17:52
-139.435337,91.402230,2023-01-01T01:17:53
-139.435337,91.402230,2023-01-01T01:17:54
-139.435337,91.402230,2023-01-01T01:17:55
-139.435337,91.402230,2023-01-01T01:17:56
-139.435337,91.402230,2023-01-01T01:17:57
-139.435337,91.402230,2023-01-01T01:17:58
-139.435337,91.513425,2023-01-01T01:17:59
-139.324145,91.513425,2023-01-01T01:18:00
-139.324145,91.513425,2023-01-01T01:18:01
-139.212952,91.624620,2023-01-01T01:18:02
-139.212952,91.624620,2023-01-01T01:18:03
-139.101760,91.735814,2023-01-01T01:18:04
-139.101760,91.735814,2023-01-01T01:18:05
-139.101760,91.735814,2023-01-01T01:18:06
-138.990567,91.847009,2023-01-01T01:18:07
-138.990567,91.847009,2023-01-01T01:18:08
-138.879375,91.958204,2023-01-01T01:18:09
-138.879375,91.958204,2023-01-01T01:18:10
-138.879375,91.958204,2023-01-01T01:18:11
-138.768183,92.069399,2023-01-01T01:18:12
-138.768183,92.069399,2023-01-01T01:18:13
-138.656990,92.069399,2023-01-01T01:18:14
-138.656990,92.180594,2023-01-01T01:18:15
-138.545798,92.180594,2023-01-01T01:18:16
-138.545798,92.291789,2023-01-01T01:18:17
-138.434605,92.291789,2023-01-01T01:18:18
-138.434605,92.402984,2023-01-01T01:18:19
-138.323413,92.514179,2023-01-01T01:18:20
-138.323413,92.514179,2023-01-01T01:18:21
-138.212220,92.625374,2023-01-01T01:18:22
-138.212220,92.625374,2023-01-01T01:18:23
-138.101028,92.736569,2023-01-01T01:18:24
-137.989835,92.736569,2023-01-01T01:18:25
-137.989835,92.847764,2023-01-01T01:18:26
-137.878643,92.847764,2023-01-01T01:18:27
-137.878643,92.958959,2023-01-01T01:18:28
-137.767450,92.958959,2023-01-01T01:18:29
-137.656258,93.070154,2023-01-01T01:18:30
-137.656258,93.070154,2023-01-01T01:18:31
-137.545066,93.181349,2023-01-01T01:18:32
-137.433873,93.181349,2023-01-01T01:18:33
-137.322681,93.292543,2023-01-01T01:18:34
-137.322681,93.292543,2023-01-01T01:18:35
-137.211488,93.403738,2023-01-01T01:18:36
-137.100296,93.403738,2023-01-01T01:18:37
-137.100296,93.514933,2023-01-01T01:18:38
-136.989103,93.514933,2023-01-01T01:18:39
-136.989103,93.626128,2023-01-01T01:18:40
-136.877911,93.626128,2023-01-01T01:18:41
-136.766718,93.737323,2023-01-01T01:18:42
-136.655526,93.737323,2023-01-01T01:18:43
-136.655526,93.848518,2023-01-01T01:18:44
-136.544333,93.848518,2023-01-01T01:18:45
-136.433141,93.959713,2023-01-01T01:18:46
-136.433141,94.070908,2023-01-01T01:18:47
-136.321949,94.070908,2023-01-01T01:18:48
-136.210756,94.182103,2023-01-01T01:18:49
-136.099564,94.182103,2023-01-01T01:18:50
-136.099564,94.293298,2023-01-01T01:18:51
-135.988371,94.293298,2023-01-01T01:18:52
-135.877179,94.404493,2023-01-01T01:18:53
-135.877179,94.404493,2023-01-01T01:18:54
-135.765986,94.515688,2023-01-01T01:18:55
-135.765986,94.515688,2023-01-01T01:18:56
-135.654794,94.626883,2023-01-01T01:18:57
-135.543601,94.626883,2023-01-01T01:18:58
-135.543601,94.626883,2023-01-01T01:18:59
-135.543601,94.626883,2023-01-01T01:19:00
-135.432409,94.738078,2023-01-01T01:19:01
-135.432409,94.738078,2023-01-01T01:19:02
-135.432409,94.738078,2023-01-01T01:19:03
-135.321216,94.738078,2023-01-01T01:19:04
-135.321216,94.849272,2023-01-01T01:19:05
-135.321216,94.849272,2023-01-01T01:19:06
-135.210024,94.849272,2023-01-01T01:19:07
-135.210024,94.849272,2023-01-01T01:19:08
-135.210024,94.849272,2023-01-01T01:19:09
-135.098832,94.849272,2023-01-01T01:19:10
-135.098832,94.960467,2023-01-01T01:19:11
-135.098832,94.960467,2023-01-01T01:19:12
-135.098832,94.960467,2023-01-01T01:19:13
-134.987639,94.960467,2023-01-01T01:19:14
-134.987639,94.960467,2023-01-01T01:19:15
-134.987639,95.071662,2023-01-01T01:19:16
-134.987639,95.071662,2023-01-01T01:19:17
-134.876447,95.071662,2023-01-01T01:19:18
-134.876447,95.071662,2023-01-01T01:19:19
-134.876447,95.071662,2023-01-01T01:19:20
-134.876447,95.071662,2023-01-01T01:19:21
-134.876447,95.071662,2023-01-01T01:19:22
-134.765254,95.182857,2023-01-01T01:19:23
-134.765254,95.182857,2023-01-01T01:19:24
-134.765254,95.182857,2023-01-01T01:19:25
-134.765254,95.182857,2023-01-01T01:19:26
-134.765254,95.182857,2023-01-01T01:19:27
-134.654062,95.182857,2023-01-01T01:19:28
-134.654062,95.182857,2023-01-01T01:19:29
-134.765254,95.182857,2023-01-01T01:19:30
-134.765254,95.182857,2023-01-01T01:19:31
-134.765254,95.182857,2023-01-01T01:19:32
-134.765254,95.182857,2023-01-01T01:19:33
-134.765254,95.071662,2023-01-01T01:19:34
-134.765254,95.071662,2023-01-01T01:19:35
-134.765254,95.071662,2023-01-01T01:19:36
-134.765254,95.071662,2023-01-01T01:19:37
-134.765254,95.071662,2023-01-01T01:19:38
-134.765254,95.071662,2023-01-01T01:19:39
-134.876447,95.071662,2023-01-01T01:19:40
-134.876447,94.960467,2023-01-01T01:19:41
-134.876447,94.960467,2023-01-01T01:19:42
-134.876447,94.960467,2023-01-01T01:19:43
-134.876447,94.960467,2023-01-01T01:19:44
-134.876447,94.960467,2023-01-01T01:19:45
-134.876447,94.849272,2023-01-01T01:19:46
-134.987639,94.849272,2023-01-01T01:19:47
-134.987639,94.849272,2023-01-01T01:19:48
-134.987639,94.738078,2023-01-01T01:19:49
-134.987639,94.738078,2023-01-01T01:19:50
-135.098832,94.738078,2023-01-01T01:19:51
-135.098832,94.626883,2023-01-01T01:19:52
-135.098832,94.626883,2023-01-01T01:19:53
-135.098832,94.626883,2023-01-01T01:19:54
-135.210024,94.515688,2023-01-01T01:19:55
-135.210024,94.515688,2023-01-01T01:19:56
-135.210024,94.404493,2023-01-01T01:19:57
-135.210024,94.404493,2023-01-01T01:19:58
-135.321216,94.404493,2023-01-01T01:19:59
-135.321216,94.293298,2023-01-01T01:20:00
-135.321216,94.293298,2023-01-01T01:20:01
-135.321216,94.293298,2023-01-01T01:20:02
-135.321216,94.293298,2023-01-01T01:20:03
-135.432409,94.182103,2023-01-01T01:20:04
-135.432409,94.182103,2023-01-01T01:20:05
-135.432409,94.182103,2023-01-01T01:20:06
-135.432409,94.070908,2023-01-01T01:20:07
-135.432409,94.070908,2023-01-01T01:20:08
-135.432409,94.070908,2023-01-01T01:20:09
-135.432409,94.070908,2023-01-01T01:20:10
-135.543601,94.070908,2023-01-01T01:20:11
-135.543601,93.959713,2023-01-01T01:20:12
-135.543601,93.959713,2023-01-01T01:20:13
-135.543601,93.959713,2023-01-01T01:20:14
-135.543601,93.959713,2023-01-01T01:20:15
-135.543601,93.959713,2023-01-01T01:20:16
-135.543601,93.959713,2023-01-01T01:20:17
-135.543601,93.959713,2023-01-01T01:20:18
-135.543601,93.959713,2023-01-01T01:20:19
-135.543601,93.959713,2023-01-01T01:20:20
-135.543601,93.959713,2023-01-01T01:20:21
-135.543601,93.959713,2023-01-01T01:20:22
-135.543601,93.959713,2023-01-01T01:20:23
-135.543601,93.959713,2023-01-01T01:20:24
-135.543601,93.959713,2023-01-01T01:20:25
-135.543601,93.959713,2023-01-01T01:20:26
-135.432409,93.959713,2023-01-01T01:20:27
-135.432409,93.959713,2023-01-01T01:20:28
-135.432409,94.070908,2023-01-01T01:20:29
-135.432409,94.070908,2023-01-01T01:20:30
-135.432409,94.070908,2023-01-01T01:20:31
-135.432409,94.182103,2023-01-01T01:20:32
-135.321216,94.182103,2023-01-01T01:20:33
-135.321216,94.182103,2023-01-01T01:20:34
-135.321216,94.182103,2023-01-01T01:20:35
-135.321216,94.293298,2023-01-01T01:20:36
-135.321216,94.293298,2023-01-01T01:20:37
-135.210024,94.293298,2023-01-01T01:20:38
-135.210024,94.293298,2023-01-01T01:20:39
-135.210024,94.404493,2023-01-01T01:20:40
-135.210024,94.404493,2023-01-01T01:20:41
-135.210024,94.404493,2023-01-01T01:20:42
-135.210024,94.515688,2023-01-01T01:20:43
-135.098832,94.515688,2023-01-01T01:20:44
-135.098832,94.515688,2023-01-01T01:20:45
-135.098832,94.515688,2023-01-01T01:20:46
-135.098832,94.515688,2023-01-01T01:20:47
-135.098832,94.626883,2023-01-01T01:20:48
-135.098832,94.626883,2023-01-01T01:20:49
-134.987639,94.626883,2023-01-01T01:20:50
-134.987639,94.626883,2023-01-01T01:20:51
-134.987639,94.738078,2023-01-01T01:20:52
-134.987639,94.738078,2023-01-01T01:20:53
-134.987639,94.738078,2023-01-01T01:20:54
-134.987639,94.738078,2023-01-01T01:20:55
-134.987639,94.738078,2023-01-01T01:20:56
-134.876447,94.738078,2023-01-01T01:20:57
-134.876447,94.849272,2023-01-01T01:20:58
-134.876447,94.849272,2023-01-01T01:20:59
-134.876447,94.738078,2023-01-01T01:21:00
-134.876447,94.738078,2023-01-01T01:21:01
-134.876447,94.738078,2023-01-01T01:21:02
-134.876447,94.738078,2023-01-01T01:21:03
-134.876447,94.738078,2023-01-01T01:21:04
-134.876447,94.738078,2023-01-01T01:21:05
-134.876447,94.738078,2023-01-01T01:21:06
-134.876447,94.738078,2023-01-01T01:21:07
-134.876447,94.738078,2023-01-01T01:21:08
-134.876447,94.738078,2023-01-01T01:21:09
-134.876447,94.738078,2023-01-01T01:21:10
-134.876447,94.738078,2023-01-01T01:21:11
-134.876447,94.738078,2023-01-01T01:21:12
-134.876447,94.738078,2023-01-01T01:21:13
-134.876447,94.738078,2023-01-01T01:21:14
-134.987639,94.738078,2023-01-01T01:21:15
-134.987639,94.626883,2023-01-01T01:21:16
-134.987639,94.626883,2023-01-01T01:21:17
-134.987639,94.626883,2023-01-01T01:21:18
-134.987639,94.626883,2023-01-01T01:21:19
-134.987639,94.626883,2023-01-01T01:21:20
-134.987639,94.626883,2023-01-01T01:21:21
-134.987639,94.626883,2023-01-01T01:21:22
-134.987639,94.626883,2023-01-01T01:21:23
-134.987639,94.515688,2023-01-01T01:21:24
-134.987639,94.515688,2023-01-01T01:21:25
-134.987639,94.515688,2023-01-01T01:21:26
-134.987639,94.515688,2023-01-01T01:21:27
-134.987639,94.515688,2023-01-01T01:21:28
-134.987639,94.515688,2023-01-01T01:21:29
-134.987639,94.404493,2023-01-01T01:21:30
-135.098832,94.404493,2023-01-01T01:21:31
-135.098832,94.404493,2023-01-01T01:21:32
-135.098832,94.404493,2023-01-01T01:21:33
-135.098832,94.404493,2023-01-01T01:21:34
-135.098832,94.404493,2023-01-01T01:21:35
-135.098832,94.404493,2023-01-01T01:21:36
-135.098832,94.293298,2023-01-01T01:21:37
-135.098832,94.293298,2023-01-01T01:21:38
-135.098832,94.293298,2023-01-01T01:21:39
-135.210024,94.293298,2023-01-01T01:21:40
-135.210024,94.293298,2023-01-01T01:21:41
-135.210024,94.182103,2023-01-01T01:21:42
-135.210024,94.182103,2023-01-01T01:21:43
-135.210024,94.182103,2023-01-01T01:21:44
-135.210024,94.182103,2023-01-01T01:21:45
-135.321216,94.070908,2023-01-01T01:21:46
-135.321216,94.070908,2023-01-01T01:21:47
-135.321216,94.070908,2023-01-01T01:21:48
-135.321216,94.070908,2023-01-01T01:21:49
-135.321216,93.959713,2023-01-01T01:21:50
-135.321216,93.959713,2023-01-01T01:21:51
-135.321216,93.959713,2023-01-01T01:21:52
-135.432409,93.959713,2023-01-01T01:21:53
-135.432409,93.848518,2023-01-01T01:21:54
-135.432409,93.848518,2023-01-01T01:21:55
-135.432409,93.848518,2023-01-01T01:21:56
-135.432409,93.848518,2023-01-01T01:21:57
-135.432409,93.737323,2023-01-01T01:21:58
-135.432409,93.848518,2023-01-01T01:21:59
-135.432409,93.848518,2023-01-01T01:22:00
-135.432409,93.848518,2023-01-01T01:22:01
-135.432409,93.848518,2023-01-01T01:22:02
-135.432409,93.959713,2023-01-01T01:22:03
-135.432409,93.959713,2023-01-01T01:22:04
-135.432409,93.959713,2023-01-01T01:22:05
-135.432409,93.959713,2023-01-01T01:22:06
-135.432409,94.070908,2023-01-01T01:22:07
-135.432409,94.070908,2023-01-01T01:22:08
-135.432409,94.070908,2023-01-01T01:22:09
-135.432409,94.182103,2023-01-01T01:22:10
-135.432409,94.182103,2023-01-01T01:22:11
-135.432409,94.182103,2023-01-01T01:22:12
-135.432409,94.182103,2023-01-01T01:22:13
-135.432409,94.182103,2023-01-01T01:22:14
-135.321216,94.293298,2023-01-01T01:22:15
-135.321216,94.293298,2023-01-01T01:22:16
-135.321216,94.293298,2023-01-01T01:22:17
-135.321216,94.404493,2023-01-01T01:22:18
-135.321216,94.404493,2023-01-01T01:22:19
-135.321216,94.404493,2023-01-01T01:22:20
-135.321216,94.404493,2023-01-01T01:22:21
-135.321216,94.515688,2023-01-01T01:22:22
-135.321216,94.515688,2023-01-01T01:22:23
-135.321216,94.515688,2023-01-01T01:22:24
-135.321216,94.626883,2023-01-01T01:22:25
-135.210024,94.626883,2023-01-01T01:22:26
-135.210024,94.626883,2023-01-01T01:22:27
-135.210024,94.738078,2023-01-01T01:22:28
-135.210024,94.849272,2023-01-01T01:22:29
-135.210024,94.849272,2023-01-01T01:22:30
-135.098832,94.960467,2023-01-01T01:22:31
-135.098832,95.071662,2023-01-01T01:22:32
-135.098832,95.182857,2023-01-01T01:22:33
-134.987639,95.182857,2023-01-01T01:22:34
-134.987639,95.294052,2023-01-01T01:22:35
-134.987639,95.405247,2023-01-01T01:22:36
-134.876447,95.405247,2023-01-01T01:22:37
-134.876447,95.516442,2023-01-01T01:22:38
-134.876447,95.627637,2023-01-01T01:22:39
-134.765254,95.627637,2023-01-01T01:22:40
-134.765254,95.738832,2023-01-01T01:22:41
-134.765254,95.850027,2023-01-01T01:22:42
-134.765254,95.850027,2023-01-01T01:22:43
-134.654062,95.961222,2023-01-01T01:22:44
-134.654062,96.072417,2023-01-01T01:22:45
-134.654062,96.072417,2023-01-01T01:22:46
-134.542869,96.183612,2023-01-01T01:22:47
-134.542869,96.294806,2023-01-01T01:22:48
-134.542869,96.406001,2023-01-01T01:22:49
-134.431677,96.406001,2023-01-01T01:22:50
-134.431677,96.517196,2023-01-01T01:22:51
-134.320484,96.628391,2023-01-01T01:22:52
-134.320484,96.628391,2023-01-01T01:22:53
-134.320484,96.739586,2023-01-01T01:22:54
-134.209292,96.850781,2023-01-01T01:22:55
-134.209292,96.961976,2023-01-01T01:22:56
-134.209292,96.961976,2023-01-01T01:22:57
-134.098099,97.073171,2023-01-01T01:22:58
-134.098099,97.073171,2023-01-01T01:22:59
-134.098099,97.184366,2023-01-01T01:23:00
-134.098099,97.184366,2023-01-01T01:23:01
-133.986907,97.295561,2023-01-01T01:23:02
-133.986907,97.295561,2023-01-01T01:23:03
-133.986907,97.406756,2023-01-01T01:23:04
-133.986907,97.406756,2023-01-01T01:23:05
-133.986907,97.406756,2023-01-01T01:23:06
-133.875715,97.517951,2023-01-01T01:23:07
-133.875715,97.517951,2023-01-01T01:23:08
-133.875715,97.629146,2023-01-01T01:23:09
-133.875715,97.629146,2023-01-01T01:23:10
-133.875715,97.629146,2023-01-01T01:23:11
-133.875715,97.740341,2023-01-01T01:23:12
-133.764522,97.740341,2023-01-01T01:23:13
-133.764522,97.740341,2023-01-01T01:23:14
-133.764522,97.851535,2023-01-01T01:23:15
-133.764522,97.851535,2023-01-01T01:23:16
-133.764522,97.851535,2023-01-01T01:23:17
-133.764522,97.962730,2023-01-01T01:23:18
-133.653330,97.962730,2023-01-01T01:23:19
-133.653330,97.962730,2023-01-01T01:23:20
-133.653330,97.962730,2023-01-01T01:23:21
-133.653330,97.962730,2023-01-01T01:23:22
-133.653330,98.073925,2023-01-01T01:23:23
-133.653330,98.073925,2023-01-01T01:23:24
-133.653330,98.073925,2023-01-01T01:23:25
-133.653330,98.073925,2023-01-01T01:23:26
-133.653330,98.073925,2023-01-01T01:23:27
-133.653330,98.073925,2023-01-01T01:23:28
-133.653330,98.073925,2023-01-01T01:23:29
-133.653330,98.073925,2023-01-01T01:23:30
-133.653330,98.073925,2023-01-01T01:23:31
-133.653330,98.073925,2023-01-01T01:23:32
-133.653330,98.073925,2023-01-01T01:23:33
-133.653330,97.962730,2023-01-01T01:23:34
-133.653330,97.962730,2023-01-01T01:23:35
-133.653330,97.962730,2023-01-01T01:23:36
-133.653330,97.962730,2023-01-01T01:23:37
-133.653330,97.962730,2023-01-01T01:23:38
-133.653330,97.962730,2023-01-01T01:23:39
-133.653330,97.962730,2023-01-01T01:23:40
-133.653330,97.851535,2023-01-01T01:23:41
-133.653330,97.851535,2023-01-01T01:23:42
-133.653330,97.851535,2023-01-01T01:23:43
-133.764522,97.851535,2023-01-01T01:23:44
-133.764522,97.851535,2023-01-01T01:23:45
-133.764522,97.851535,2023-01-01T01:23:46
-133.764522,97.851535,2023-01-01T01:23:47
-133.764522,97.851535,2023-01-01T01:23:48
-133.764522,97.740341,2023-01-01T01:23:49
-133.764522,97.740341,2023-01-01T01:23:50
-133.764522,97.740341,2023-01-01T01:23:51
-133.764522,97.740341,2023-01-01T01:23:52
-133.764522,97.740341,2023-01-01T01:23:53
-133.764522,97.740341,2023-01-01T01:23:54
-133.764522,97.740341,2023-01-01T01:23:55
-133.764522,97.740341,2023-01-01T01:23:56
-133.764522,97.740341,2023-01-01T01:23:57
-133.764522,97.629146,2023-01-01T01:23:58
-133.764522,97.740341,2023-01-01T01:23:59
-133.764522,97.740341,2023-01-01T01:24:00
-133.764522,97.740341,2023-01-01T01:24:01
-133.764522,97.740341,2023-01-01T01:24:02
-133.764522,97.740341,2023-01-01T01:24:03
-133.764522,97.740341,2023-01-01T01:24:04
-133.764522,97.740341,2023-01-01T01:24:05
-133.764522,97.740341,2023-01-01T01:24:06
-133.653330,97.740341,2023-01-01T01:24:07
-133.653330,97.740341,2023-01-01T01:24:08
-133.653330,97.740341,2023-01-01T01:24:09
-133.653330,97.740341,2023-01-01T01:24:10
-133.653330,97.740341,2023-01-01T01:24:11
-133.653330,97.740341,2023-01-01T01:24:12
-133.653330,97.740341,2023-01-01T01:24:13
-133.653330,97.740341,2023-01-01T01:24:14
-133.653330,97.740341,2023-01-01T01:24:15
-133.653330,97.740341,2023-01-01T01:24:16
-133.653330,97.740341,2023-01-01T01:24:17
-133.653330,97.740341,2023-01-01T01:24:18
-133.542137,97.740341,2023-01-01T01:24:19
-133.542137,97.740341,2023-01-01T01:24:20
-133.542137,97.740341,2023-01-01T01:24:21
-133.542137,97.740341,2023-01-01T01:24:22
-133.542137,97.740341,2023-01-01T01:24:23
-133.542137,97.740341,2023-01-01T01:24:24
-133.542137,97.740341,2023-01-01T01:24:25
-133.542137,97.740341,2023-01-01T01:24:26
-133.430945,97.740341,2023-01-01T01:24:27
-133.430945,97.740341,2023-01-01T01:24:28
-133.430945,97.740341,2023-01-01T01:24:29
-133.430945,97.740341,2023-01-01T01:24:30
-133.430945,97.740341,2023-01-01T01:24:31
-133.319752,97.740341,2023-01-01T01:24:32
-133.319752,97.740341,2023-01-01T01:24:33
-133.319752,97.629146,2023-01-01T01:24:34
-133.319752,97.629146,2023-01-01T01:24:35
-133.208560,97.629146,2023-01-01T01:24:36
-133.208560,97.629146,2023-01-01T01:24:37
-133.208560,97.629146,2023-01-01T01:24:38
-133.208560,97.629146,2023-01-01T01:24:39
-133.097367,97.629146,2023-01-01T01:24:40
-133.097367,97.629146,2023-01-01T01:24:41
-133.097367,97.629146,2023-01-01T01:24:42
-133.097367,97.629146,2023-01-01T01:24:43
-132.986175,97.629146,2023-01-01T01:24:44
-132.986175,97.629146,2023-01-01T01:24:45
-132.986175,97.629146,2023-01-01T01:24:46
-132.986175,97.629146,2023-01-01T01:24:47
-132.874982,97.629146,2023-01-01T01:24:48
-132.874982,97.629146,2023-01-01T01:24:49
-132.874982,97.629146,2023-01-01T01:24:50
-132.874982,97.629146,2023-01-01T01:24:51
-132.763790,97.629146,2023-01-01T01:24:52
-132.763790,97.629146,2023-01-01T01:24:53
-132.763790,97.629146,2023-01-01T01:24:54
-132.763790,97.629146,2023-01-01T01:24:55
-132.652598,97.629146,2023-01-01T01:24:56
-132.652598,97.629146,2023-01-01T01:24:57
-132.652598,97.629146,2023-01-01T01:24:58
-132.652598,97.629146,2023-01-01T01:24:59
-132.652598,97.629146,2023-01-01T01:25:00
-132.652598,97.629146,2023-01-01T01:25:01
-132.652598,97.629146,2023-01-01T01:25:02
-132.652598,97.629146,2023-01-01T01:25:03
-132.652598,97.629146,2023-01-01T01:25:04
-132.652598,97.629146,2023-01-01T01:25:05
-132.652598,97.629146,2023-01-01T01:25:06
-132.652598,97.629146,2023-01-01T01:25:07
-132.652598,97.629146,2023-01-01T01:25:08
-132.652598,97.629146,2023-01-01T01:25:09
-132.652598,97.629146,2023-01-01T01:25:10
-132.652598,97.629146,2023-01-01T01:25:11
-132.652598,97.629146,2023-01-01T01:25:12
-132.652598,97.629146,2023-01-01T01:25:13
-132.652598,97.629146,2023-01-01T01:25:14
-132.652598,97.629146,2023-01-01T01:25:15
-132.652598,97.629146,2023-01-01T01:25:16
-132.763790,97.629146,2023-01-01T01:25:17
-132.763790,97.629146,2023-01-01T01:25:18
-132.763790,97.629146,2023-01-01T01:25:19
-132.763790,97.629146,2023-01-01T01:25:20
-132.763790,97.629146,2023-01-01T01:25:21
-132.763790,97.629146,2023-01-01T01:25:22
-132.763790,97.629146,2023-01-01T01:25:23
-132.763790,97.629146,2023-01-01T01:25:24
-132.763790,97.629146,2023-01-01T01:25:25
-132.763790,97.629146,2023-01-01T01:25:26
-132.763790,97.629146,2023-01-01T01:25:27
-132.763790,97.629146,2023-01-01T01:25:28
-132.874982,97.629146,2023-01-01T01:25:29
-132.874982,97.629146,2023-01-01T01:25:30
-132.874982,97.629146,2023-01-01T01:25:31
-132.986175,97.629146,2023-01-01T01:25:32
-132.986175,97.629146,2023-01-01T01:25:33
-133.097367,97.740341,2023-01-01T01:25:34
-133.097367,97.740341,2023-01-01T01:25:35
-133.208560,97.740341,2023-01-01T01:25:36
-133.208560,97.740341,2023-01-01T01:25:37
-133.208560,97.740341,2023-01-01T01:25:38
-133.319752,97.740341,2023-01-01T01:25:39
-133.319752,97.740341,2023-01-01T01:25:40
-133.319752,97.740341,2023-01-01T01:25:41
-133.430945,97.740341,2023-01-01T01:25:42
-133.430945,97.740341,2023-01-01T01:25:43
-133.542137,97.740341,2023-01-01T01:25:44
-133.542137,97.851535,2023-01-01T01:25:45
-133.542137,97.851535,2023-01-01T01:25:46
-133.653330,97.851535,2023-01-01T01:25:47
-133.653330,97.851535,2023-01-01T01:25:48
-133.653330,97.851535,2023-01-01T01:25:49
-133.764522,97.851535,2023-01-01T01:25:50
-133.764522,97.851535,2023-01-01T01:25:51
-133.764522,97.851535,2023-01-01T01:25:52
-133.875715,97.851535,2023-01-01T01:25:53
-133.875715,97.851535,2023-01-01T01:25:54
-133.875715,97.851535,2023-01-01T01:25:55
-133.875715,97.851535,2023-01-01T01:25:56
-133.986907,97.851535,2023-01-01T01:25:57
-133.986907,97.962730,2023-01-01T01:25:58
-133.986907,97.962730,2023-01-01T01:25:59
-134.098099,97.962730,2023-01-01T01:26:00
-134.098099,97.962730,2023-01-01T01:26:01
-134.098099,97.962730,2023-01-01T01:26:02
-134.209292,97.962730,2023-01-01T01:26:03
-134.209292,97.962730,2023-01-01T01:26:04
-134.209292,97.962730,2023-01-01T01:26:05
-134.320484,97.962730,2023-01-01T01:26:06
-134.320484,97.962730,2023-01-01T01:26:07
-134.320484,97.962730,2023-01-01T01:26:08
-134.431677,97.962730,2023-01-01T01:26:09
-134.431677,98.073925,2023-01-01T01:26:10
-134.431677,98.073925,2023-01-01T01:26:11
-134.542869,98.073925,2023-01-01T01:26:12
-134.542869,98.073925,2023-01-01T01:26:13
-134.542869,98.073925,2023-01-01T01:26:14
-134.654062,98.073925,2023-01-01T01:26:15
-134.654062,98.073925,2023-01-01T01:26:16
-134.654062,98.073925,2023-01-01T01:26:17
-134.654062,98.073925,2023-01-01T01:26:18
-134.765254,98.073925,2023-01-01T01:26:19
-134.765254,98.073925,2023-01-01T01:26:20
-134.765254,98.073925,2023-01-01T01:26:21
-134.765254,98.073925,2023-01-01T01:26:22
-134.876447,98.073925,2023-01-01T01:26:23
-134.876447,98.073925,2023-01-01T01:26:24
-134.876447,98.073925,2023-01-01T01:26:25
-134.876447,98.073925,2023-01-01T01:26:26
-134.987639,98.073925,2023-01-01T01:26:27
-134.987639,98.185120,2023-01-01T01:26:28
-134.987639,98.185120,2023-01-01T01:26:29
-134.987639,98.185120,2023-01-01T01:26:30
-135.098832,98.185120,2023-01-01T01:26:31
-135.098832,98.185120,2023-01-01T01:26:32
-135.098832,98.185120,2023-01-01T01:26:33
-135.098832,98.185120,2023-01-01T01:26:34
-135.098832,98.185120,2023-01-01T01:26:35
-135.210024,98.185120,2023-01-01T01:26:36
-135.210024,98.185120,2023-01-01T01:26:37
-135.210024,98.185120,2023-01-01T01:26:38
-135.210024,98.185120,2023-01-01T01:26:39
-135.210024,98.185120,2023-01-01T01:26:40
-135.321216,98.185120,2023-01-01T01:26:41
-135.321216,98.185120,2023-01-01T01:26:42
-135.321216,98.185120,2023-01-01T01:26:43
-135.321216,98.185120,2023-01-01T01:26:44
-135.321216,98.185120,2023-01-01T01:26:45
-135.432409,98.185120,2023-01-01T01:26:46
-135.432409,98.185120,2023-01-01T01:26:47
-135.432409,98.185120,2023-01-01T01:26:48
-135.432409,98.185120,2023-01-01T01:26:49
-135.432409,98.185120,2023-01-01T01:26:50
-135.432409,98.185120,2023-01-01T01:26:51
-135.543601,98.185120,2023-01-01T01:26:52
-135.543601,98.185120,2023-01-01T01:26:53
-135.543601,98.185120,2023-01-01T01:26:54
-135.543601,98.185120,2023-01-01T01:26:55
-135.543601,98.185120,2023-01-01T01:26:56
-135.543601,98.185120,2023-01-01T01:26:57
-135.654794,98.185120,2023-01-01T01:26:58
-135.654794,98.185120,2023-01-01T01:26:59
-135.654794,98.185120,2023-01-01T01:27:00
-135.654794,98.185120,2023-01-01T01:27:01
-135.654794,98.185120,2023-01-01T01:27:02
-135.654794,98.185120,2023-01-01T01:27:03
-135.654794,98.185120,2023-01-01T01:27:04
-135.654794,98.185120,2023-01-01T01:27:05
-135.765986,98.185120,2023-01-01T01:27:06
-135.765986,98.185120,2023-01-01T01:27:07
-135.765986,98.185120,2023-01-01T01:27:08
-135.765986,98.185120,2023-01-01T01:27:09
-135.765986,98.185120,2023-01-01T01:27:10
-135.765986,98.185120,2023-01-01T01:27:11
-135.765986,98.185120,2023-01-01T01:27:12
-135.765986,98.185120,2023-01-01T01:27:13
-135.765986,98.185120,2023-01-01T01:27:14
-135.765986,98.185120,2023-01-01T01:27:15
-135.877179,98.185120,2023-01-01T01:27:16
-135.877179,98.185120,2023-01-01T01:27:17
-135.877179,98.185120,2023-01-01T01:27:18
-135.877179,98.185120,2023-01-01T01:27:19
-135.877179,98.185120,2023-01-01T01:27:20
-135.877179,98.185120,2023-01-01T01:27:21
-135.877179,98.185120,2023-01-01T01:27:22
-135.877179,98.185120,2023-01-01T01:27:23
-135.877179,98.185120,2023-01-01T01:27:24
-135.877179,98.185120,2023-01-01T01:27:25
-135.877179,98.185120,2023-01-01T01:27:26
-135.988371,98.185120,2023-01-01T01:27:27
-135.988371,98.185120,2023-01-01T01:27:28
-135.988371,98.185120,2023-01-01T01:27:29
-135.988371,98.185120,2023-01-01T01:27:30
-135.988371,98.185120,2023-01-01T01:27:31
-135.988371,98.185120,2023-01-01T01:27:32
-135.988371,98.185120,2023-01-01T01:27:33
-135.988371,98.185120,2023-01-01T01:27:34
-135.988371,98.185120,2023-01-01T01:27:35
-135.988371,98.185120,2023-01-01T01:27:36
-135.988371,98.185120,2023-01-01T01:27:37
-135.988371,98.185120,2023-01-01T01:27:38
-135.988371,98.185120,2023-01-01T01:27:39
-135.988371,98.185120,2023-01-01T01:27:40
-135.988371,98.185120,2023-01-01T01:27:41
-135.988371,98.185120,2023-01-01T01:27:42
-136.099564,98.296315,2023-01-01T01:27:43
-136.099564,98.296315,2023-01-01T01:27:44
-136.099564,98.296315,2023-01-01T01:27:45
-136.099564,98.296315,2023-01-01T01:27:46
-136.099564,98.296315,2023-01-01T01:27:47
-136.099564,98.296315,2023-01-01T01:27:48
-136.099564,98.296315,2023-01-01T01:27:49
-136.099564,98.296315,2023-01-01T01:27:50
-136.099564,98.296315,2023-01-01T01:27:51
-136.099564,98.296315,2023-01-01T01:27:52
-136.099564,98.296315,2023-01-01T01:27:53
-136.099564,98.296315,2023-01-01T01:27:54
-136.099564,98.296315,2023-01-01T01:27:55
-136.099564,98.296315,2023-01-01T01:27:56
-136.099564,98.296315,2023-01-01T01:27:57
-136.099564,98.296315,2023-01-01T01:27:58
-136.099564,98.296315,2023-01-01T01:27:59
-136.099564,98.296315,2023-01-01T01:28:00
-136.099564,98.296315,2023-01-01T01:28:01
-136.210756,98.296315,2023-01-01T01:28:02
-136.210756,98.296315,2023-01-01T01:28:03
-136.210756,98.296315,2023-01-01T01:28:04
-136.210756,98.296315,2023-01-01T01:28:05
-136.210756,98.296315,2023-01-01T01:28:06
-136.210756,98.296315,2023-01-01T01:28:07
-136.210756,98.296315,2023-01-01T01:28:08
-136.210756,98.296315,2023-01-01T01:28:09
-136.210756,98.296315,2023-01-01T01:28:10
-136.210756,98.296315,2023-01-01T01:28:11
-136.210756,98.296315,2023-01-01T01:28:12
-136.321949,98.296315,2023-01-01T01:28:13
-136.321949,98.296315,2023-01-01T01:28:14
-136.321949,98.296315,2023-01-01T01:28:15
-136.321949,98.296315,2023-01-01T01:28:16
-136.321949,98.296315,2023-01-01T01:28:17
-136.321949,98.296315,2023-01-01T01:28:18
-136.321949,98.296315,2023-01-01T01:28:19
-136.321949,98.296315,2023-01-01T01:28:20
-136.321949,98.296315,2023-01-01T01:28:21
-136.321949,98.407510,2023-01-01T01:28:22
-136.433141,98.407510,2023-01-01T01:28:23
-136.433141,98.407510,2023-01-01T01:28:24
-136.433141,98.407510,2023-01-01T01:28:25
-136.433141,98.407510,2023-01-01T01:28:26
-136.433141,98.407510,2023-01-01T01:28:27
-136.433141,98.407510,2023-01-01T01:28:28
-136.433141,98.407510,2023-01-01T01:28:29
-136.433141,98.407510,2023-01-01T01:28:30
-136.433141,98.407510,2023-01-01T01:28:31
-136.433141,98.407510,2023-01-01T01:28:32
-136.544333,98.407510,2023-01-01T01:28:33
-136.544333,98.407510,2023-01-01T01:28:34
-136.544333,98.407510,2023-01-01T01:28:35
-136.544333,98.407510,2023-01-01T01:28:36
-136.544333,98.407510,2023-01-01T01:28:37
-136.544333,98.407510,2023-01-01T01:28:38
-136.544333,98.407510,2023-01-01T01:28:39
-136.544333,98.407510,2023-01-01T01:28:40
-136.544333,98.407510,2023-01-01T01:28:41
-136.544333,98.407510,2023-01-01T01:28:42
-136.544333,98.407510,2023-01-01T01:28:43
-136.544333,98.407510,2023-01-01T01:28:44
-136.544333,98.407510,2023-01-01T01:28:45
-136.544333,98.407510,2023-01-01T01:28:46
-136.544333,98.407510,2023-01-01T01:28:47
-136.655526,98.407510,2023-01-01T01:28:48
-136.655526,98.407510,2023-01-01T01:28:49
-136.655526,98.407510,2023-01-01T01:28:50
-136.655526,98.407510,2023-01-01T01:28:51
-136.655526,98.407510,2023-01-01T01:28:52
-136.655526,98.407510,2023-01-01T01:28:53
-136.655526,98.407510,2023-01-01T01:28:54
-136.655526,98.407510,2023-01-01T01:28:55
-136.655526,98.407510,2023-01-01T01:28:56
-136.655526,98.407510,2023-01-01T01:28:57
-136.655526,98.407510,2023-01-01T01:28:58
-136.655526,98.407510,2023-01-01T01:28:59
-136.655526,98.407510,2023-01-01T01:29:00
-136.655526,98.407510,2023-01-01T01:29:01
-136.655526,98.407510,2023-01-01T01:29:02
-136.655526,98.296315,2023-01-01T01:29:03
-136.766718,98.296315,2023-01-01T01:29:04
-136.766718,98.296315,2023-01-01T01:29:05
-136.766718,98.296315,2023-01-01T01:29:06
-136.766718,98.296315,2023-01-01T01:29:07
-136.766718,98.296315,2023-01-01T01:29:08
-136.766718,98.296315,2023-01-01T01:29:09
-136.766718,98.296315,2023-01-01T01:29:10
-136.766718,98.296315,2023-01-01T01:29:11
-136.766718,98.296315,2023-01-01T01:29:12
-136.766718,98.296315,2023-01-01T01:29:13
-136.766718,98.296315,2023-01-01T01:29:14
-136.766718,98.296315,2023-01-01T01:29:15
-136.766718,98.296315,2023-01-01T01:29:16
-136.766718,98.296315,2023-01-01T01:29:17
-136.766718,98.296315,2023-01-01T01:29:18
-136.766718,98.296315,2023-01-01T01:29:19
-136.766718,98.296315,2023-01-01T01:29:20
-136.877911,98.296315,2023-01-01T01:29:21
-136.877911,98.296315,2023-01-01T01:29:22
-136.877911,98.296315,2023-01-01T01:29:23
-136.877911,98.296315,2023-01-01T01:29:24
-136.877911,98.296315,2023-01-01T01:29:25
-136.877911,98.296315,2023-01-01T01:29:26
-136.877911,98.296315,2023-01-01T01:29:27
-136.877911,98.296315,2023-01-01T01:29:28
-136.877911,98.296315,2023-01-01T01:29:29
-136.877911,98.296315,2023-01-01T01:29:30
-136.877911,98.296315,2023-01-01T01:29:31
-136.877911,98.296315,2023-01-01T01:29:32
-136.877911,98.296315,2023-01-01T01:29:33
-136.877911,98.296315,2023-01-01T01:29:34
-136.877911,98.185120,2023-01-01T01:29:35
-136.877911,98.185120,2023-01-01T01:29:36
-136.877911,98.185120,2023-01-01T01:29:37
-136.877911,98.185120,2023-01-01T01:29:38
-136.877911,98.185120,2023-01-01T01:29:39
-136.877911,98.185120,2023-01-01T01:29:40
-136.877911,98.185120,2023-01-01T01:29:41
-136.877911,98.185120,2023-01-01T01:29:42
-136.877911,98.185120,2023-01-01T01:29:43
-136.877911,98.185120,2023-01-01T01:29:44
-136.877911,98.185120,2023-01-01T01:29:45
-136.877911,98.185120,2023-01-01T01:29:46
-136.877911,98.185120,2023-01-01T01:29:47
-136.877911,98.185120,2023-01-01T01:29:48
-136.877911,98.185120,2023-01-01T01:29:49
-136.877911,98.073925,2023-01-01T01:29:50
-136.877911,98.073925,2023-01-01T01:29:51
-136.877911,98.073925,2023-01-01T01:29:52
-136.877911,98.073925,2023-01-01T01:29:53
-136.877911,98.073925,2023-01-01T01:29:54
-136.877911,98.073925,2023-01-01T01:29:55
-136.877911,98.073925,2023-01-01T01:29:56
-136.877911,98.073925,2023-01-01T01:29:57
-136.877911,98.073925,2023-01-01T01:29:58
-136.877911,98.073925,2023-01-01T01:29:59
-136.877911,98.073925,2023-01-01T01:30:00
-136.877911,98.073925,2023-01-01T01:30:01
-136.877911,98.073925,2023-01-01T01:30:02
-136.877911,98.073925,2023-01-01T01:30:03
-136.877911,98.073925,2023-01-01T01:30:04
-136.877911,98.073925,2023-01-01T01:30:05
-136.877911,98.073925,2023-01-01T01:30:06
-136.877911,98.073925,2023-01-01T01:30:07
-136.877911,98.073925,2023-01-01T01:30:08
-136.877911,98.073925,2023-01-01T01:30:09
-136.877911,98.073925,2023-01-01T01:30:10
-136.877911,98.073925,2023-01-01T01:30:11
-136.877911,98.073925,2023-01-01T01:30:12
-136.877911,98.073925,2023-01-01T01:30:13
-136.877911,98.073925,2023-01-01T01:30:14
-136.877911,98.073925,2023-01-01T01:30:15
-136.877911,98.073925,2023-01-01T01:30:16
-136.877911,98.073925,2023-01-01T01:30:17
-136.877911,98.073925,2023-01-01T01:30:18
-136.877911,98.073925,2023-01-01T01:30:19
-136.877911,98.073925,2023-01-01T01:30:20
-136.877911,98.073925,2023-01-01T01:30:21
-136.877911,98.073925,2023-01-01T01:30:22
-136.877911,98.073925,2023-01-01T01:30:23
-136.877911,98.073925,2023-01-01T01:30:24
-136.766718,98.073925,2023-01-01T01:30:25
-136.766718,98.073925,2023-01-01T01:30:26
-136.766718,98.073925,2023-01-01T01:30:27
-136.766718,98.073925,2023-01-01T01:30:28
-136.766718,98.073925,2023-01-01T01:30:29
-136.766718,98.073925,2023-01-01T01:30:30
-136.766718,98.073925,2023-01-01T01:30:31
-136.766718,98.073925,2023-01-01T01:30:32
-136.766718,98.073925,2023-01-01T01:30:33
-136.766718,98.073925,2023-01-01T01:30:34
-136.766718,98.073925,2023-01-01T01:30:35
-136.766718,98.073925,2023-01-01T01:30:36
-136.766718,98.073925,2023-01-01T01:30:37
-136.766718,98.073925,2023-01-01T01:30:38
-136.766718,98.073925,2023-01-01T01:30:39
-136.766718,98.073925,2023-01-01T01:30:40
-136.766718,98.073925,2023-01-01T01:30:41
-136.766718,98.073925,2023-01-01T01:30:42
-136.766718,98.073925,2023-01-01T01:30:43
-136.766718,98.073925,2023-01-01T01:30:44
-136.766718,98.073925,2023-01-01T01:30:45
-136.766718,98.073925,2023-01-01T01:30:46
-136.766718,98.073925,2023-01-01T01:30:47
-136.766718,98.073925,2023-01-01T01:30:48
-136.766718,98.073925,2023-01-01T01:30:49
-136.766718,98.073925,2023-01-01T01:30:50
-136.766718,98.073925,2023-01-01T01:30:51
-136.766718,98.073925,2023-01-01T01:30:52
-136.766718,98.073925,2023-01-01T01:30:53
-136.766718,98.073925,2023-01-01T01:30:54
-136.766718,98.073925,2023-01-01T01:30:55
-136.766718,98.073925,2023-01-01T01:30:56
-136.766718,98.073925,2023-01-01T01:30:57
-136.655526,98.073925,2023-01-01T01:30:58
-136.655526,98.073925,2023-01-01T01:30:59
-136.655526,98.073925,2023-01-01T01:31:00
-136.655526,98.073925,2023-01-01T01:31:01
-136.655526,98.073925,2023-01-01T01:31:02
-136.655526,98.073925,2023-01-01T01:31:03
-136.655526,98.073925,2023-01-01T01:31:04
-136.655526,98.073925,2023-01-01T01:31:05
-136.655526,98.073925,2023-01-01T01:31:06
-136.655526,98.073925,2023-01-01T01:31:07
-136.655526,98.073925,2023-01-01T01:31:08
-136.655526,98.073925,2023-01-01T01:31:09
-136.655526,98.073925,2023-01-01T01:31:10
-136.655526,98.073925,2023-01-01T01:31:11
-136.655526,98.073925,2023-01-01T01:31:12
-136.655526,98.073925,2023-01-01T01:31:13
-136.655526,98.073925,2023-01-01T01:31:14
-136.655526,98.073925,2023-01-01T01:31:15
-136.655526,98.073925,2023-01-01T01:31:16
-136.655526,98.073925,2023-01-01T01:31:17
-136.655526,98.073925,2023-01-01T01:31:18
-136.655526,98.073925,2023-01-01T01:31:19
-136.655526,98.073925,2023-01-01T01:31:20
-136.655526,98.073925,2023-01-01T01:31:21
-136.655526,98.073925,2023-01-01T01:31:22
-136.655526,98.073925,2023-01-01T01:31:23
-136.655526,98.073925,2023-01-01T01:31:24
-136.655526,98.073925,2023-01-01T01:31:25
-136.655526,98.073925,2023-01-01T01:31:26
-136.655526,98.073925,2023-01-01T01:31:27
-136.655526,98.073925,2023-01-01T01:31:28
-136.655526,98.073925,2023-01-01T01:31:29
-136.655526,98.073925,2023-01-01T01:31:30
-136.655526,98.073925,2023-01-01T01:31:31
-136.655526,98.073925,2023-01-01T01:31:32
-136.655526,98.073925,2023-01-01T01:31:33
-136.655526,98.073925,2023-01-01T01:31:34
-136.655526,98.073925,2023-01-01T01:31:35
-136.655526,98.073925,2023-01-01T01:31:36
-136.655526,98.073925,2023-01-01T01:31:37
-136.655526,98.073925,2023-01-01T01:31:38
-136.655526,98.073925,2023-01-01T01:31:39
-136.655526,98.073925,2023-01-01T01:31:40
-136.655526,98.073925,2023-01-01T01:31:41
-136.655526,98.073925,2023-01-01T01:31:42
-136.655526,98.073925,2023-01-01T01:31:43
-136.655526,98.073925,2023-01-01T01:31:44
-136.655526,98.073925,2023-01-01T01:31:45
-136.655526,98.073925,2023-01-01T01:31:46
-136.655526,98.073925,2023-01-01T01:31:47
-136.655526,98.073925,2023-01-01T01:31:48
-136.655526,98.073925,2023-01-01T01:31:49
-136.655526,98.073925,2023-01-01T01:31:50
-136.655526,98.073925,2023-01-01T01:31:51
-136.655526,98.073925,2023-01-01T01:31:52
-136.655526,98.073925,2023-01-01T01:31:53
-136.655526,98.073925,2023-01-01T01:31:54
-136.655526,98.073925,2023-01-01T01:31:55
-136.655526,98.073925,2023-01-01T01:31:56
-136.655526,98.073925,2023-01-01T01:31:57
-136.655526,98.073925,2023-01-01T01:31:58
-136.655526,98.073925,2023-01-01T01:31:59
-136.655526,98.073925,2023-01-01T01:32:00
-136.655526,98.073925,2023-01-01T01:32:01
-136.655526,98.073925,2023-01-01T01:32:02
-136.655526,98.073925,2023-01-01T01:32:03
-136.655526,98.073925,2023-01-01T01:32:04
-136.655526,98.073925,2023-01-01T01:32:05
-136.655526,98.073925,2023-01-01T01:32:06
-136.655526,98.073925,2023-01-01T01:32:07
-136.655526,98.073925,2023-01-01T01:32:08
-136.655526,98.073925,2023-01-01T01:32:09
-136.655526,98.073925,2023-01-01T01:32:10
-136.655526,98.073925,2023-01-01T01:32:11
-136.655526,98.073925,2023-01-01T01:32:12
-136.655526,98.073925,2023-01-01T01:32:13
-136.655526,98.073925,2023-01-01T01:32:14
-136.655526,98.073925,2023-01-01T01:32:15
-136.655526,98.073925,2023-01-01T01:32:16
-136.655526,98.073925,2023-01-01T01:32:17
-136.655526,98.073925,2023-01-01T01:32:18
-136.655526,98.073925,2023-01-01T01:32:19
-136.655526,98.073925,2023-01-01T01:32:20
-136.655526,98.073925,2023-01-01T01:32:21
-136.655526,98.073925,2023-01-01T01:32:22
-136.655526,98.073925,2023-01-01T01:32:23
-136.655526,98.073925,2023-01-01T01:32:24
-136.655526,98.073925,2023-01-01T01:32:25
-136.655526,98.073925,2023-01-01T01:32:26
-136.655526,98.073925,2023-01-01T01:32:27
-136.766718,98.073925,2023-01-01T01:32:28
-136.766718,98.073925,2023-01-01T01:32:29
-136.766718,98.073925,2023-01-01T01:32:30
-136.766718,98.185120,2023-01-01T01:32:31
-136.766718,98.185120,2023-01-01T01:32:32
-136.766718,98.185120,2023-01-01T01:32:33
-136.877911,98.185120,2023-01-01T01:32:34
-136.877911,98.185120,2023-01-01T01:32:35
-136.877911,98.185120,2023-01-01T01:32:36
-136.989103,98.185120,2023-01-01T01:32:37
-136.989103,98.185120,2023-01-01T01:32:38
-136.989103,98.185120,2023-01-01T01:32:39
-137.100296,98.185120,2023-01-01T01:32:40
-137.100296,98.185120,2023-01-01T01:32:41
-137.100296,98.185120,2023-01-01T01:32:42
-137.211488,98.296315,2023-01-01T01:32:43
-137.211488,98.296315,2023-01-01T01:32:44
-137.322681,98.296315,2023-01-01T01:32:45
-137.322681,98.296315,2023-01-01T01:32:46
-137.433873,98.296315,2023-01-01T01:32:47
-137.433873,98.296315,2023-01-01T01:32:48
-137.545066,98.296315,2023-01-01T01:32:49
-137.545066,98.407510,2023-01-01T01:32:50
-137.656258,98.407510,2023-01-01T01:32:51
-137.656258,98.407510,2023-01-01T01:32:52
-137.767450,98.407510,2023-01-01T01:32:53
-137.767450,98.407510,2023-01-01T01:32:54
-137.878643,98.407510,2023-01-01T01:32:55
-137.989835,98.518705,2023-01-01T01:32:56
-137.989835,98.518705,2023-01-01T01:32:57
-138.101028,98.518705,2023-01-01T01:32:58
-138.212220,98.518705,2023-01-01T01:32:59
-138.212220,98.518705,2023-01-01T01:33:00
-138.323413,98.518705,2023-01-01T01:33:01
-138.434605,98.629900,2023-01-01T01:33:02
-138.545798,98.629900,2023-01-01T01:33:03
-138.545798,98.629900,2023-01-01T01:33:04
-138.656990,98.629900,2023-01-01T01:33:05
-138.768183,98.629900,2023-01-01T01:33:06
-138.768183,98.741095,2023-01-01T01:33:07
-138.879375,98.741095,2023-01-01T01:33:08
-138.990567,98.741095,2023-01-01T01:33:09
-138.990567,98.741095,2023-01-01T01:33:10
-139.101760,98.741095,2023-01-01T01:33:11
-139.212952,98.852290,2023-01-01T01:33:12
-139.212952,98.852290,2023-01-01T01:33:13
-139.324145,98.852290,2023-01-01T01:33:14
-139.435337,98.852290,2023-01-01T01:33:15
-139.435337,98.852290,2023-01-01T01:33:16
-139.546530,98.963485,2023-01-01T01:33:17
-139.657722,98.963485,2023-01-01T01:33:18
-139.657722,98.963485,2023-01-01T01:33:19
-139.768915,98.963485,2023-01-01T01:33:20
-139.880107,99.074680,2023-01-01T01:33:21
-139.880107,99.074680,2023-01-01T01:33:22
-139.991300,99.074680,2023-01-01T01:33:23
-140.102492,99.074680,2023-01-01T01:33:24
-140.102492,99.185875,2023-01-01T01:33:25
-140.213684,99.185875,2023-01-01T01:33:26
-140.213684,99.185875,2023-01-01T01:33:27
-140.324877,99.185875,2023-01-01T01:33:28
-140.436069,99.297069,2023-01-01T01:33:29
-140.436069,99.297069,2023-01-01T01:33:30
-140.547262,99.297069,2023-01-01T01:33:31
-140.658454,99.297069,2023-01-01T01:33:32
-140.658454,99.408264,2023-01-01T01:33:33
-140.769647,99.408264,2023-01-01T01:33:34
-140.880839,99.408264,2023-01-01T01:33:35
-140.880839,99.519459,2023-01-01T01:33:36
-140.992032,99.519459,2023-01-01T01:33:37
-140.992032,99.519459,2023-01-01T01:33:38
-141.103224,99.519459,2023-01-01T01:33:39
-141.103224,99.630654,2023-01-01T01:33:40
-141.214417,99.630654,2023-01-01T01:33:41
-141.214417,99.630654,2023-01-01T01:33:42
-141.325609,99.630654,2023-01-01T01:33:43
-141.325609,99.630654,2023-01-01T01:33:44
-141.436801,99.630654,2023-01-01T01:33:45
-141.547994,99.741849,2023-01-01T01:33:46
-141.659186,99.741849,2023-01-01T01:33:47
-141.770379,99.741849,2023-01-01T01:33:48
-141.992764,99.853044,2023-01-01T01:33:49
-142.103956,99.853044,2023-01-01T01:33:50
-142.215149,99.853044,2023-01-01T01:33:51
-142.437534,99.964239,2023-01-01T01:33:52
-142.548726,99.964239,2023-01-01T01:33:53
-142.659918,100.075434,2023-01-01T01:33:54
-142.882303,100.075434,2023-01-01T01:33:55
-142.993496,100.075434,2023-01-01T01:33:56
-143.215881,100.186629,2023-01-01T01:33:57
-143.438266,100.186629,2023-01-01T01:33:58
-143.549458,100.297824,2023-01-01T01:33:59
-143.771843,100.297824,2023-01-01T01:34:00
-143.994228,100.409019,2023-01-01T01:34:01
-144.216613,100.409019,2023-01-01T01:34:02
-144.327805,100.520214,2023-01-01T01:34:03
-144.550190,100.520214,2023-01-01T01:34:04
-144.772575,100.631409,2023-01-01T01:34:05
-144.994960,100.631409,2023-01-01T01:34:06
-145.217345,100.742604,2023-01-01T01:34:07
-145.550922,100.742604,2023-01-01T01:34:08
-145.773307,100.853798,2023-01-01T01:34:09
-145.995692,100.853798,2023-01-01T01:34:10
-146.218077,100.964993,2023-01-01T01:34:11
-146.551654,100.964993,2023-01-01T01:34:12
-146.774039,101.076188,2023-01-01T01:34:13
-147.107617,101.187383,2023-01-01T01:34:14
-147.330001,101.187383,2023-01-01T01:34:15
-147.441194,101.298578,2023-01-01T01:34:16
-147.663579,101.298578,2023-01-01T01:34:17
-147.774771,101.298578,2023-01-01T01:34:18
-147.997156,101.409773,2023-01-01T01:34:19
-148.108349,101.409773,2023-01-01T01:34:20
-148.330734,101.409773,2023-01-01T01:34:21
-148.441926,101.520968,2023-01-01T01:34:22
-148.664311,101.520968,2023-01-01T01:34:23
-148.886696,101.632163,2023-01-01T01:34:24
-148.997888,101.632163,2023-01-01T01:34:25
-149.220273,101.632163,2023-01-01T01:34:26
-149.442658,101.743358,2023-01-01T01:34:27
-149.665043,101.743358,2023-01-01T01:34:28
-149.776235,101.854553,2023-01-01T01:34:29
-149.998620,101.854553,2023-01-01T01:34:30
-150.221005,101.965748,2023-01-01T01:34:31
-150.443390,101.965748,2023-01-01T01:34:32
-150.665775,101.965748,2023-01-01T01:34:33
-150.776968,102.076943,2023-01-01T01:34:34
-150.999352,102.076943,2023-01-01T01:34:35
-151.221737,102.076943,2023-01-01T01:34:36
-151.332930,102.188138,2023-01-01T01:34:37
-151.555315,102.188138,2023-01-01T01:34:38
-151.777700,102.299333,2023-01-01T01:34:39
-151.888892,102.299333,2023-01-01T01:34:40
-152.111277,102.299333,2023-01-01T01:34:41
-152.222469,102.410527,2023-01-01T01:34:42
-152.444854,102.410527,2023-01-01T01:34:43
-152.556047,102.410527,2023-01-01T01:34:44
-152.778432,102.521722,2023-01-01T01:34:45
-152.667239,102.410527,2023-01-01T01:34:46
-152.444854,102.410527,2023-01-01T01:34:47
-152.333662,102.299333,2023-01-01T01:34:48
-152.222469,102.299333,2023-01-01T01:34:49
-152.000085,102.299333,2023-01-01T01:34:50
-151.888892,102.299333,2023-01-01T01:34:51
-151.777700,102.188138,2023-01-01T01:34:52
-151.666507,102.188138,2023-01-01T01:34:53
-151.555315,102.188138,2023-01-01T01:34:54
-151.444122,102.076943,2023-01-01T01:34:55
-151.332930,102.076943,2023-01-01T01:34:56
-151.221737,102.076943,2023-01-01T01:34:57
-151.110545,101.965748,2023-01-01T01:34:58
-150.999352,101.965748,2023-01-01T01:34:59
-150.888160,101.965748,2023-01-01T01:35:00
-150.776968,101.965748,2023-01-01T01:35:01
-150.665775,101.854553,2023-01-01T01:35:02
-150.554583,101.854553,2023-01-01T01:35:03
-150.443390,101.854553,2023-01-01T01:35:04
-150.332198,101.854553,2023-01-01T01:35:05
-150.221005,101.743358,2023-01-01T01:35:06
-150.221005,101.743358,2023-01-01T01:35:07
-150.109813,101.743358,2023-01-01T01:35:08
-149.998620,101.743358,2023-01-01T01:35:09
-149.887428,101.743358,2023-01-01T01:35:10
-149.887428,101.632163,2023-01-01T01:35:11
-149.776235,101.632163,2023-01-01T01:35:12
-149.665043,101.632163,2023-01-01T01:35:13
-149.665043,101.632163,2023-01-01T01:35:14
-149.553851,101.632163,2023-01-01T01:35:15
-149.331466,101.520968,2023-01-01T01:35:16
-149.220273,101.520968,2023-01-01T01:35:17
-148.997888,101.520968,2023-01-01T01:35:18
-148.886696,101.409773,2023-01-01T01:35:19
-148.664311,101.409773,2023-01-01T01:35:20
-148.553118,101.298578,2023-01-01T01:35:21
-148.441926,101.298578,2023-01-01T01:35:22
-148.219541,101.298578,2023-01-01T01:35:23
-148.108349,101.187383,2023-01-01T01:35:24
-147.997156,101.187383,2023-01-01T01:35:25
-147.774771,101.187383,2023-01-01T01:35:26
-147.663579,101.076188,2023-01-01T01:35:27
-147.552386,101.076188,2023-01-01T01:35:28
-147.441194,101.076188,2023-01-01T01:35:29
-147.330001,101.076188,2023-01-01T01:35:30
-147.218809,100.964993,2023-01-01T01:35:31
-147.107617,100.964993,2023-01-01T01:35:32
-146.996424,100.964993,2023-01-01T01:35:33
-146.885232,100.964993,2023-01-01T01:35:34
-146.774039,100.853798,2023-01-01T01:35:35
-146.662847,100.853798,2023-01-01T01:35:36
-146.551654,100.853798,2023-01-01T01:35:37
-146.440462,100.853798,2023-01-01T01:35:38
-146.329269,100.742604,2023-01-01T01:35:39
-146.329269,100.742604,2023-01-01T01:35:40
-146.218077,100.742604,2023-01-01T01:35:41
-146.106885,100.742604,2023-01-01T01:35:42
-145.995692,100.742604,2023-01-01T01:35:43
-145.884500,100.631409,2023-01-01T01:35:44
-145.884500,100.631409,2023-01-01T01:35:45
-145.773307,100.631409,2023-01-01T01:35:46
-145.662115,100.631409,2023-01-01T01:35:47
-145.662115,100.631409,2023-01-01T01:35:48
-145.550922,100.631409,2023-01-01T01:35:49
-145.439730,100.520214,2023-01-01T01:35:50
-145.439730,100.520214,2023-01-01T01:35:51
-145.328537,100.520214,2023-01-01T01:35:52
-145.217345,100.520214,2023-01-01T01:35:53
-145.217345,100.520214,2023-01-01T01:35:54
-145.106152,100.520214,2023-01-01T01:35:55
-145.106152,100.520214,2023-01-01T01:35:56
-144.994960,100.409019,2023-01-01T01:35:57
-144.994960,100.409019,2023-01-01T01:35:58
-144.883768,100.409019,2023-01-01T01:35:59
-144.883768,100.409019,2023-01-01T01:36:00
-144.772575,100.409019,2023-01-01T01:36:01
-144.772575,100.409019,2023-01-01T01:36:02
-144.661383,100.409019,2023-01-01T01:36:03
-144.661383,100.409019,2023-01-01T01:36:04
-144.550190,100.297824,2023-01-01T01:36:05
-144.550190,100.297824,2023-01-01T01:36:06
-144.438998,100.297824,2023-01-01T01:36:07
-144.438998,100.297824,2023-01-01T01:36:08
-144.438998,100.297824,2023-01-01T01:36:09
-144.327805,100.297824,2023-01-01T01:36:10
-144.327805,100.297824,2023-01-01T01:36:11
-144.216613,100.297824,2023-01-01T01:36:12
-144.216613,100.297824,2023-01-01T01:36:13
-144.216613,100.297824,2023-01-01T01:36:14
-144.105420,100.186629,2023-01-01T01:36:15
